"chinese","sign"
"幾天","幾天"
"百分之百","百分之百"
"好多","好多"
"推鉛球","推鉛球"
"算盤","算盤"
"會","會"
"原住民","原住民"
"以上","以上"
"豐富","豐富"
"附件","附件"
"伴","伴"
"成","成"
"積怨","積怨"
"跨越","跨越"
"行動","行動"
"增加","增加"
"加油","加(汽)油"
"上癮","上癮"
"地址","地址"
"調配","調配"
"冒險","冒險"
"事情","事情"
"影響","影響"
"慈愛","慈愛"
"蓋章","蓋章"
"危險","危險"
"怕","怕"
"非","非"
"到底","到底"
"下午","下午"
"再","再"
"同意","同意"
"耕田","耕田"
"空軍","空軍"
"飛機","飛機"
"機場","機場"
"阿里山","阿里山"
"完全","完全"
"從早到晚","從早到晚"
"光了","光了"
"差不多","差不多"
"快好了","快好了"
"光棍","光棍"
"過了","過了"
"已經","已經"
"也","也"
"總是","總是"
"救護車","救護車"
"兒童樂園","兒童樂園"
"以牙還牙","以牙還牙"
"祖先","祖先"
"古","古"
"和","和"
"而且","而且"
"角","角"
"火大","火大"
"動物","動物"
"兼併","兼併"
"宣佈","宣佈"
"回答","回答"
"螞蟻","螞蟻"
"反","反"
"大廈","大廈"
"中風","中風"
"上告","上告"
"鼓掌","鼓掌"
"約","約"
"學徒","學徒"
"大約","大約"
"檳榔","檳榔"
"環島","環島"
"安排","安排"
"佈置","佈置"
"到","到"
"遲到","遲到"
"目中無人","目中無人"
"人工電子耳","人工電子耳"
"不要臉","不要臉"
"亞","亞"
"亞洲","亞洲"
"問","問"
"互問","互問"
"分配","分配"
"刮目相看","刮目相看"
"在","在"
"攻擊","攻擊"
"企圖","企圖"
"勾引","勾引"
"典禮","典禮"
"澳洲","澳洲"
"見錢眼開","見錢眼開"
"獎狀","獎狀"
"青","青"
"把","把"
"嬰兒","嬰兒"
"光棍","光棍"
"單身女","單身女"
"後面","後面"
"壞","壞"
"壞習慣","壞習慣"
"不好看","不好看"
"倒楣","倒楣"
"運氣差","運氣差"
"乞丐","乞丐"
"保釋","保釋"
"禿頭","禿頭"
"球","球"
"原子筆","原子筆"
"竹子","竹子"
"筍","筍"
"香蕉","香蕉"
"板橋","板橋"
"銀行","銀行"
"垮台","垮台"
"赤膊","赤膊"
"根本","根本"
"棒球","棒球"
"籃子","籃子"
"籃球","籃球"
"洗澡","洗澡"
"搏鬥","搏鬥"
"烤肉","烤肉"
"是","是"
"出獄","出獄"
"忙得不可開交","忙得不可開交"
"吃不消","吃不消"
"豆","豆"
"熊","熊"
"八字鬍","鬍子(八字鬍)"
"鬍子","鬍子"
"美","美"
"床","床"
"蜜蜂","蜜蜂"
"傳呼機","傳呼機"
"啤酒","啤酒"
"之前","之前"
"求","求"
"被發現","被發現"
"北投","北投"
"相信","相信"
"歧視","歧視"
"鈴","鈴"
"以下","以下"
"腰帶","腰帶"
"仁","仁"
"打賭","打賭"
"間","間"
"飲料","飲料"
"自行車","自行車"
"標會","標會"
"得標","得標"
"大","大"
"撞球","撞球"
"鳥","鳥"
"出生","出生"
"生","生"
"咬","咬"
"黑","黑"
"勒索","勒索"
"黑市","黑市"
"陰溝裡翻船","陰溝裡翻船"
"盲","盲"
"血","血"
"血型","血型"
"吹","吹"
"藍","藍"
"唬人","唬人"
"看不清楚","看不清楚"
"臉紅","臉紅"
"吹牛","吹牛"
"舟","舟"
"身體","身體"
"煮","煮"
"臉皮厚","臉皮厚"
"骨頭","骨頭"
"書","書"
"麻煩","麻煩"
"盆","盆"
"保齡球","保齡球"
"盒子","盒子"
"童子軍","童子軍"
"煞車","煞車"
"失約","失約"
"樹枝","樹枝"
"分支機關","分支機關"
"胸罩","胸罩"
"勇敢","勇敢"
"麵包","麵包"
"打破","打破"
"呼吸","呼吸"
"喘","喘"
"賄賂","賄賂"
"橋","橋"
"光","光"
"明","明"
"抗議","抗議"
"大開眼界","大開眼界"
"咖啡色","咖啡色"
"刷子","刷子"
"桶子","桶子"
"佛","佛"
"昆蟲","昆蟲"
"負荷","負荷"
"埋葬","埋葬"
"公共汽車","公共汽車"
"生意","生意"
"熱鬧","熱鬧"
"忙","忙"
"不過","不過"
"蝴蝶","蝴蝶"
"屁股","屁股"
"鈕扣","鈕扣"
"買","買"
"櫃子","櫃子"
"蛋糕","蛋糕"
"日曆","日曆"
"叫","叫"
"點名","點名"
"書法","書法"
"息怒","息怒"
"駱駝","駱駝"
"照相","照相"
"拍照","拍照"
"能","能"
"罐頭","罐頭"
"會一點","會一點"
"一筆勾銷","一筆勾銷"
"癌症","癌症"
"蠟燭","蠟燭"
"糖果","糖果"
"炮","炮"
"拮据","拮据"
"想不起來","想不起來"
"忍不住","忍不住"
"不行","不行"
"未遂","未遂"
"聽不見","聽不見"
"京","京"
"車","車"
"車禍","車禍"
"車","車"
"閃光信號車","閃光信號車"
"片","片"
"注意","注意"
"不小心","不小心"
"刨木頭","刨木頭"
"木匠","木匠"
"毛毯","毛毯"
"帶","帶"
"提燈","提燈"
"提","提"
"挑","挑"
"雕刻","雕刻"
"貓","貓"
"抓","抓"
"感冒","感冒"
"剁","剁"
"分類","分類"
"天主教","天主教"
"山洞","山洞"
"天花板","天花板"
"慶祝","慶祝"
"細胞","細胞"
"央","央"
"椅子","椅子"
"主席","主席"
"粉筆","粉筆"
"張","張"
"改","改"
"變成","變成"
"位置交換","位置交換"
"彰化","彰化(地名)"
"表格","表格"
"追","追"
"聊天","聊天"
"口沫橫飛","口沫橫飛"
"便宜","便宜"
"作弊","作弊"
"厚臉皮","厚臉皮"
"化學","化學"
"陳","陳(姓)"
"鄭","鄭(姓)"
"櫻桃","櫻桃"
"栗子","栗子"
"嘉義","嘉義(地名)"
"雞","雞"
"主任","主任"
"小孩","小孩"
"幼稚","幼稚"
"字","字"
"象棋","象棋"
"油條","油條"
"春節","春節"
"水餃","水餃"
"清朝","清朝"
"邱(姓)","邱(姓)"
"挑選","挑選"
"砍樹","砍樹"
"筷子","筷子"
"周","周(姓)"
"基督教","基督教"
"聖誕節","聖誕節"
"菊花","菊花"
"川","川"
"教堂","教堂"
"蟬","蟬"
"抽煙","抽煙"
"市","市"
"城","城"
"文明","文明"
"索賠","索賠"
"蚌","蚌"
"班","班"
"同學","同學"
"乾淨","乾淨"
"清楚","清楚"
"牧師","牧師"
"關門","關門"
"闔眼","闔眼"
"布","布"
"衣服","衣服"
"衣架","衣架"
"雲","雲"
"陰天","陰天"
"小丑","小丑"
"蟑螂","蟑螂"
"咖啡","咖啡"
"冬","冬"
"塌陷","塌陷"
"收集","收集"
"大學","大學"
"顏色","顏色"
"式","式"
"來","來"
"舒服","舒服"
"司空見慣","司空見慣"
"命令","命令"
"紀念","紀念"
"會員","會員"
"委員","委員"
"品","品"
"司空見慣","司空見慣"
"交際","交際"
"通學","通學"
"公司","公司"
"比較","比較"
"賠錢","賠錢"
"比賽","比賽"
"複雜","複雜"
"作文","作文"
"電腦","電腦"
"關心","關心"
"衝突","衝突"
"祝","祝"
"守舊","守舊"
"保守","保守"
"一致","一致"
"團結","團結"
"束縛","束縛"
"建設","建設"
"聯絡","聯絡"
"散播","散播"
"簽約","簽約"
"反覆","反覆"
"控制","控制"
"筆談","筆談"
"餅乾","餅乾"
"抄","抄"
"玉米","玉米"
"正確","正確"
"走廊","走廊"
"貪污","貪污"
"美容","美容"
"棉花","棉花"
"咳嗽","咳嗽"
"國","國"
"鄉","鄉"
"縣","縣"
"課","課"
"契約","契約"
"貪心","貪心"
"牛","牛"
"螃蟹","螃蟹"
"鶴","鶴"
"發狂","發狂"
"刑警","刑警"
"批評","批評"
"穿越","穿越"
"烏鴉","烏鴉"
"湧入","湧入"
"擁擠","擁擠"
"殘忍","殘忍"
"哭","哭"
"栽培","栽培"
"文化","文化"
"杯子","杯子"
"醫治","醫治"
"好奇","好奇"
"風俗","風俗"
"切","切"
"缺席","缺席"
"逃學","逃學"
"插隊","插隊"
"一人一半","一人一半"
"降價","降價"
"烏賊","烏賊"
"跳舞","跳舞"
"當","當"
"不敢吃","不敢吃"
"女兒","女兒"
"日","日"
"後天","後天"
"前天","前天"
"日","日"
"的","的"
"聾","聾"
"辯論","辯論"
"蛀牙","蛀牙"
"上當","上當"
"越來越少","越來越少"
"深","深"
"炸","炸"
"鹿","鹿"
"一定","一定"
"水準","水準"
"好吃","好吃"
"送","送"
"丹麥","丹麥"
"出軌","出軌"
"眾叛親離","眾叛親離"
"設計","設計"
"輕視","輕視"
"仔細","仔細"
"彎路","彎路"
"字典","字典"
"沒有說什麼","沒有說什麼"
"死","死"
"相差","相差"
"不一樣","不一樣"
"困難","困難"
"消化","消化"
"用功","用功"
"一毛錢","一毛錢"
"導演","導演"
"髒","髒"
"不見蹤跡(指人)","不見蹤跡(指人)"
"失望","失望"
"公開","公開"
"灰心","灰心"
"膩","膩"
"看到","看到"
"發現","發現"
"討論","討論"
"討厭","討厭"
"盤子","盤子"
"消毒","消毒"
"解散","解散"
"下課","下課"
"展示","展示"
"分發","分發"
"區","區"
"跳水","跳水"
"平均","平均"
"離婚","離婚"
"頭暈","頭暈"
"工作","工作"
"沒關係","沒關係"
"犬","犬"
"海豚","海豚"
"募捐","募捐"
"一竅不通","一竅不通"
"不知道","不知道"
"不喜歡","不喜歡"
"不要","不要"
"不管","不管"
"門","門"
"加倍","加倍"
"雙層巴士","雙層巴士"
"下","下"
"端午節","端午節"
"龍","龍"
"蜻蜓","蜻蜓"
"劇","劇"
"抽","抽"
"抽屜","抽屜"
"做夢","做夢"
"扮","扮"
"喝","喝"
"開車","開車"
"汽車駕照","汽車駕照"
"饞嘴","饞嘴"
"退學","退學"
"吸毒","吸毒"
"鼓","鼓"
"乾","乾"
"鴨子","鴨子"
"乏味","乏味"
"渴望","渴望"
"鷹","鷹"
"耳朵","耳朵"
"耳罩","耳罩"
"以…為生","以…為生"
"賺錢","賺錢"
"耳塞","耳塞"
"耳環","耳環"
"地球","地球"
"容易","容易"
"擅長","擅長"
"東","東"
"容易","容易"
"吃","吃"
"吃飯","吃飯"
"經濟","經濟"
"經濟部","經濟部"
"效果","效果"
"用功","用功"
"蛋","蛋"
"卵","卵"
"蛋","蛋"
"自大","自大"
"埃及","埃及"
"八","八"
"八十","八十"
"電","電"
"國小","國小"
"大象","大象"
"電梯","電梯"
"能言善道","能言善道"
"不好意思","不好意思"
"尷尬","尷尬"
"抱","抱"
"刺繡","刺繡"
"皇帝","皇帝"
"空","空"
"勉勵","勉勵"
"終了","終了"
"敵人","敵人"
"報仇","報仇"
"訂婚","訂婚"
"引擎","引擎"
"工程師","工程師"
"英國","英國"
"英文","英文"
"享受","享受"
"足夠","足夠"
"進入","進入"
"業","業"
"招待","招待"
"四周","四周"
"羨慕","羨慕"
"自動扶梯","自動扶梯"
"逃","逃"
"成立","成立"
"禮貌","禮貌"
"歐","歐"
"評價","評價"
"不分勝負","不分勝負"
"更","更"
"夜晚","夜晚"
"各","各"
"每天","每天"
"明察秋毫","明察秋毫"
"超過","超過"
"棒","棒"
"太過分","太過分"
"上下對調","上下對調"
"換","換"
"大便","大便"
"出","出"
"擴大","擴大"
"貴","貴"
"經驗","經驗"
"內行","內行"
"解釋","解釋"
"剝削","剝削"
"運出","運出"
"表","表"
"拔牙","拔牙"
"外遇","外遇"
"眼睛","眼睛"
"眉","眉"
"無中生有","無中生有"
"面孔","面孔"
"工廠","工廠"
"不及格","不及格"
"失敗","失敗"
"失約","失約"
"忠","忠"
"落伍","落伍"
"跌倒","跌倒"
"一見鍾情","一見鍾情"
"上學期","上學期"
"一年級上學期","一年級上學期"
"假","假"
"家庭","家庭"
"有名","有名"
"電風扇","電風扇"
"方","方"
"遠視","遠視"
"農夫","農夫"
"放屁","放屁"
"著迷","著迷"
"火速","火速"
"眼光高","眼光高"
"脂肪","脂肪"
"肥肉","肥肉"
"緣分","緣分"
"父親","父親"
"伯父","伯父"
"姑姑","姑姑"
"叔叔","叔叔"
"傳真","傳真"
"養","養"
"覺得","覺得"
"思念","思念"
"女生","女生"
"大女人主義","大女人主義"
"女性團體","女性團體"
"豐原","豐原"
"摩天輪","摩天輪"
"發燒","發燒"
"一點","一點"
"田","田"
"兇","兇"
"五十","五十"
"五毛錢","五毛錢"
"打架","打架"
"會計","會計"
"想出來","想出來"
"拍攝","拍攝"
"軟片","軟片"
"處罰","處罰"
"完了","完了"
"火","火"
"開除","開除"
"去掉","去掉"
"螢火蟲","螢火蟲"
"第一個","第一個"
"小一","小一"
"初級","初級"
"第一名","第一名"
"初次","初次"
"魚","魚"
"釣魚","釣魚"
"五","五"
"旗子","旗子"
"炎","炎"
"手電筒","手電筒"
"乏味","乏味"
"沒味道","沒味道"
"熨斗","熨斗"
"拍馬屁","拍馬屁"
"安慰","安慰"
"誇耀","誇耀"
"花","花"
"日光燈","日光燈"
"飛","飛"
"蒼蠅","蒼蠅"
"泡沫","泡沫"
"埋首","埋首"
"霧","霧"
"追隨","追隨"
"腳","腳"
"因為","因為"
"外國","外國"
"森林","森林"
"忘","忘"
"式","式"
"正式","正式"
"好險","好險"
"四十","四十"
"找到","找到"
"四","四"
"丁","丁(姓)"
"狐狸","狐狸"
"香","香"
"法國","法國"
"坦白","坦白"
"免費","免費"
"公路局","公路局"
"大一","大一"
"星期五","星期五"
"朋友","朋友"
"青蛙","青蛙"
"水果","水果"
"滿","滿"
"飽","飽"
"幽默","幽默"
"以後","以後"
"風流","風流"
"干","干"
"黑社會","黑社會"
"車庫","車庫"
"大蒜","大蒜"
"瓦斯","瓦斯"
"加油站","加油站"
"湊在一起","湊在一起"
"口罩","口罩"
"注視","注視"
"壁虎","壁虎"
"地理","地理"
"德國","德國"
"算帳","算帳"
"薑","薑"
"長頸鹿","長頸鹿"
"給","給"
"拋棄","拋棄"
"玻璃","玻璃"
"眼鏡","眼鏡"
"山谷","山谷"
"光榮","光榮"
"手套","手套"
"去","去"
"回","回"
"變聾","變聾"
"回家","回家"
"下台","下台"
"下班","下班"
"上台","上台"
"罷工","罷工"
"目的","目的"
"山羊","山羊"
"神","神"
"戒指","戒指"
"好","好"
"再見","再見"
"福利","福利"
"幸福","幸福"
"搞錯","搞錯"
"誤會","誤會"
"鵝","鵝"
"治","治"
"政府","政府"
"官","官"
"公務員","公務員"
"成績","成績"
"畢業","畢業"
"小學畢業","小學畢業"
"國中畢業","國中畢業"
"五穀","五穀"
"孫女","孫女"
"祖父","祖父"
"奶奶","奶奶"
"葡萄","葡萄"
"草","草"
"有名","有名"
"偉大","偉大"
"希臘","希臘"
"綠","綠"
"蔥","蔥"
"憂傷","憂傷"
"長大","長大"
"等","等"
"守衛","守衛"
"芭樂","芭樂"
"猜","猜"
"射擊","射擊"
"習慣","習慣"
"髮","髮"
"毛","毛"
"理髮","理髮"
"半","半"
"半天課","半天課"
"半價","半價"
"堂","堂"
"漢堡","漢堡"
"槌子","槌子"
"手","手"
"殘障","殘障"
"手帕","手帕"
"英俊","英俊"
"掛","掛"
"上吊","上吊"
"出事","出事"
"快樂","快樂"
"港","港"
"堅固","堅固"
"害我","害我"
"帽子","帽子"
"有","有"
"吃飯","吃飯"
"有沒有","有沒有"
"沒有","沒有"
"夏威夷","夏威夷"
"他","他"
"頭","頭"
"會長","會長"
"市長","市長"
"班長","班長"
"家長","家長"
"校長","校長"
"院長","院長"
"健康","健康"
"臉色紅潤","臉色紅潤"
"聽","聽"
"聽人","聽人"
"心","心"
"重","重"
"幫","幫"
"躲","躲"
"高血壓","高血壓"
"文雅","文雅"
"高跟鞋","高跟鞋"
"跳高","跳高"
"高速公路","高速公路"
"屬於他","屬於他"
"史","史"
"打","打"
"何(姓)","何(姓)"
"吊車","吊車"
"房子","房子"
"作業","作業"
"香港","香港"
"有面子","有面子"
"流氓","流氓"
"希望","希望"
"單槓","單槓"
"馬","馬"
"醫院","醫院"
"汗","汗"
"火鍋","火鍋"
"燙","燙"
"屋子","屋子"
"家","家"
"戶","戶"
"如何","如何"
"好不好","好不好"
"如何","如何"
"怎麼會","怎麼會"
"多遠?","多遠?"
"多長?","多長?"
"多少","多少"
"幾小時","幾小時"
"幾個月","幾個月"
"幾次","幾次"
"多重?","多重?"
"年紀","年紀"
"許","許(姓)"
"化","化"
"花蓮","花蓮"
"謙虛","謙虛"
"百","百"
"億","億"
"百分之一","百分之一"
"飢餓","飢餓"
"趕路","趕路"
"丈夫","丈夫"
"夫婦","夫婦"
"衛生","衛生"
"我","我"
"冰淇淋","冰淇淋"
"滑冰","滑冰"
"一模一樣","一模一樣"
"身分證","身分證"
"呆","呆"
"閒閒沒事","閒閒沒事"
"在家閒晃","在家閒晃"
"如果","如果"
"目中無人","目中無人"
"視若無睹","視若無睹"
"宜蘭","宜蘭"
"違法","違法"
"文盲","文盲"
"模仿","模仿"
"不久","不久"
"運入","運入"
"不可能","不可能"
"內","內"
"勾結","勾結"
"直排輪","直排輪"
"順便","順便"
"前面","前面"
"白費","白費"
"偏","偏"
"包括","包括"
"不一致","不一致"
"不對","不對"
"越來越多","越來越多"
"也許","也許"
"獨立","獨立"
"印度","印度"
"印第安人","印第安人"
"個","個"
"印尼","印尼"
"莫名其妙","莫名其妙"
"傳染病","傳染病"
"打針","打針"
"受傷","受傷"
"打針","打針"
"分期付款","分期付款"
"唆使","唆使"
"侮辱","侮辱"
"保險","保險"
"腦筋好","腦筋好"
"干涉","干涉"
"腸子","腸子"
"點滴","點滴"
"介紹","介紹"
"反省","反省"
"拜託","拜託"
"創作","創作"
"投資","投資"
"調查","調查"
"請客","請客"
"鐵","鐵"
"島","島"
"以色列","以色列"
"義大利","義大利"
"都是我不好","都是我不好"
"玉","玉"
"監獄","監獄"
"果醬","果醬"
"一月","一月"
"日本","日本"
"嫉妒","嫉妒"
"恨","恨"
"局","局"
"加入","加入"
"法官","法官"
"評審","評審"
"柔道","柔道"
"跳","跳"
"國中","國中"
"正","正"
"剛剛","剛剛"
"袋鼠","袋鼠"
"高雄","高雄(地名)"
"基隆","基隆(地名)"
"保持距離","保持距離"
"蕃茄醬","蕃茄醬"
"鑰匙","鑰匙"
"腎","腎"
"殺","殺"
"慈祥","慈祥"
"好心","好心"
"幼稚園","幼稚園"
"善良","善良"
"金剛","金剛"
"吻","吻"
"廚房","廚房"
"風箏","風箏"
"跪","跪"
"刀子","刀子"
"打毛線","打毛線"
"認識","認識"
"知道","知道"
"知識","知識"
"見識","見識"
"韓國","韓國"
"孔 (姓)","孔 (姓)"
"郭 (姓)","郭 (姓)"
"工","工"
"缺","缺"
"池","池"
"土","土"
"巷","巷"
"語言","語言"
"蘭嶼","蘭嶼"
"大量","大量"
"姓","姓"
"上個星期","上個星期"
"一年以前","一年以前"
"遲到","遲到"
"元宵節","元宵節"
"笑","笑"
"尺","尺"
"圍毆","圍毆"
"懶惰","懶惰"
"領導","領導"
"領袖","領袖"
"葉子","葉子"
"打小報告","打小報告"
"依靠","依靠"
"走了","走了"
"左","左"
"腿","腿"
"檸檬","檸檬"
"第一課","第一課"
"算了","算了"
"信","信"
"李","李(姓)"
"圖書館","圖書館"
"躺","躺"
"趴著","趴著"
"輕","輕"
"電燈","電燈"
"淡","淡"
"喜歡","喜歡"
"限制","限制"
"林","林"
"獅子","獅子"
"酒","酒"
"小","小"
"小指","小指"
"住","住"
"活潑","活潑"
"肝","肝"
"色","色"
"鎖","鎖"
"經度","經度"
"無聊","無聊"
"久","久"
"跳遠","跳遠"
"長袖","長袖"
"看不起","看不起"
"找","找"
"看","看"
"鬆","鬆"
"搜括","搜括"
"枇杷","枇杷"
"失","失"
"不好","不好"
"愛","愛"
"戀愛","戀愛"
"降旗","降旗"
"呂","呂 (姓)"
"運氣","運氣"
"運氣好","運氣好"
"行李","行李"
"倫","倫"
"肺臟","肺臟"
"羅","羅"
"色慾","色慾"
"好色","好色"
"嗎","嗎"
"機器","機器"
"雜誌","雜誌"
"大方","大方"
"打麻將","打麻將"
"寄信","寄信"
"主","主"
"中國大陸","中國大陸"
"抽絲剝繭","抽絲剝繭"
"加油","加油"
"化妝","化妝"
"馬來西亞","馬來西亞"
"大男人主義","大男人主義"
"男性團體","男性團體"
"先生","先生"
"男同性戀","男同性戀"
"管理","管理"
"芒果","芒果"
"姿態","姿態"
"饅頭","饅頭"
"多","多"
"多次","多次"
"屢次","屢次"
"毛","毛"
"批改","批改"
"結婚","結婚"
"入贅","入贅"
"嫁","嫁"
"娶","娶"
"亂","亂"
"亂七八糟","亂七八糟"
"按摩","按摩"
"師傅","師傅"
"碩士","碩士"
"火柴","火柴"
"原料","原料"
"數學","數學"
"可以","可以"
"不可以","不可以"
"不可","不可"
"沙拉醬","沙拉醬"
"意思","意思"
"麻疹","麻疹"
"稱","稱"
"肉","肉"
"醫","醫"
"口罩","口罩"
"藥","藥"
"見面","見面"
"碰壁","碰壁"
"開會","開會"
"散會","散會"
"瓜","瓜"
"員","員"
"孟","孟"
"月經","月經"
"苗栗","苗栗"
"麥克風","麥克風"
"中秋節","中秋節"
"中","中"
"中美洲","中美洲"
"中","中"
"里","里"
"服兵役","服兵役"
"陸軍","陸軍"
"奶","奶"
"鏡子","鏡子"
"頑皮","頑皮"
"小氣","小氣"
"恐怕","恐怕"
"錯","錯"
"虐待","虐待"
"搞錯了(指自己搞錯了)","搞錯了(指自己搞錯了)"
"混合","混合"
"混亂","混亂"
"星期一","星期一"
"金錢","金錢"
"存錢","存錢"
"和尚","和尚"
"猴子","猴子"
"鬼","鬼"
"每個月","每個月"
"月","月"
"清晨","清晨"
"早上","早上"
"典當","典當"
"蚊子","蚊子"
"母親","母親"
"舅舅","舅舅"
"阿姨","阿姨"
"摩托車","摩托車"
"機車駕照","機車駕照"
"機車行照","機車行照"
"山","山"
"爬山","爬山"
"山峰","山峰"
"山坡","山坡"
"灰","灰"
"口","口"
"活動","活動"
"電影","電影"
"感動","感動"
"搬家","搬家"
"味精","味精"
"菇","菇"
"音樂","音樂"
"芥末","芥末"
"啞","啞"
"乘法","乘法"
"互相","互相"
"屬於我","屬於我"
"不客氣","不客氣"
"名片","名片"
"印章","印章"
"名字","名字"
"手語名字","手語名字"
"狹窄","狹窄"
"民族","民族"
"天然","天然"
"海軍","海軍"
"將來的最近","將來的最近"
"近視","近視"
"脖子","脖子"
"領帶","領帶"
"不用","不用"
"鄰居","鄰居"
"緊張","緊張"
"網","網"
"不曾","不曾"
"很久沒有","很久沒有"
"沒聽過","沒聽過"
"新","新"
"元旦","元旦"
"除夕","除夕"
"紐約","紐約"
"報紙","報紙"
"下一個","下一個"
"下兩星期","下兩星期"
"下個星期","下個星期"
"明年","明年"
"九","九"
"九十","九十"
"挑剔","挑剔"
"不屑","不屑"
"沒有什麼","沒有什麼(看、吃、讀)"
"沒有問題","沒有問題"
"那有這回事","那有這回事"
"沒有辦法","沒有辦法"
"吵鬧","吵鬧"
"都沒有","都沒有"
"不關你的事","不關你的事"
"胡說","胡說"
"廢話","廢話"
"胡說","胡說"
"廢話","廢話"
"麵","麵"
"中午","中午"
"師大","師大"
"北","北"
"北美洲","北美洲"
"北極","北極"
"鼻子","鼻子"
"不","不"
"不錯","不錯"
"不是","不是"
"不在乎","不在乎"
"不連貫","不連貫"
"不敢","不敢"
"不夠","不夠"
"來不及","來不及"
"不給","不給"
"差勁","差勁"
"不介意","不介意"
"不聽","不聽"
"不好吃","不好吃"
"不懂","不懂"
"未","未"
"少囉唆","少囉唆"
"沒有事情","沒有事情"
"今天","今天"
"幾號","幾號"
"尼姑","尼姑"
"護士","護士"
"肥","肥"
"服從","服從"
"歪斜","歪斜"
"猥褻","猥褻"
"障礙","障礙"
"阻礙","阻礙"
"出風頭","出風頭"
"有時","有時"
"佔據","佔據"
"佔領","佔領"
"就是嘛","就是嘛"
"奉獻","奉獻"
"辦公室","辦公室"
"辦公","辦公"
"抵銷","抵銷"
"常常","常常"
"油","油"
"OK","OK"
"舊","舊"
"年老","年老"
"兄","兄"
"姊姊","姊姊"
"有意","有意"
"故意","故意"
"一回","一回"
"少一個","少一個"
"一","一"
"一個半","一個半"
"一點鐘","一點鐘"
"一天","一天"
"一元","一元"
"一個鐘頭","一個鐘頭"
"一小時","一小時"
"一分鐘","一分鐘"
"一個月","一個月"
"一秒鐘","一秒鐘"
"一個星期","一個星期"
"洋蔥","洋蔥"
"只","只"
"只有一個","只有一個"
"才","才"
"開門","開門"
"手術","手術"
"悶","悶"
"或","或"
"口語","口語"
"口腔","口腔"
"橘子","橘子"
"柳丁","柳丁"
"猩猩","猩猩"
"蘭花","蘭花"
"一般","一般"
"組織","組織"
"來源","來源"
"原來","原來"
"大阪","大阪(地名)"
"另外","另外"
"神經病","神經病"
"甲","甲"
"霸道","霸道"
"華僑","華僑"
"超車","超車"
"欠","欠"
"欠債","欠債"
"塔","塔"
"拜拜","拜拜"
"疼","疼"
"油漆","油漆"
"美術","美術"
"臉色蒼白","臉色蒼白"
"玩","玩"
"煎","煎"
"褲子","褲子"
"木瓜","木瓜"
"降落傘","降落傘"
"遊行","遊行"
"巴黎","巴黎"
"公園","公園"
"停車","停車"
"小組","小組"
"參加","參加"
"及格","及格"
"已經","已經"
"消遣","消遣"
"忍受","忍受"
"付帳","付帳"
"桃子","桃子"
"孔雀","孔雀"
"花生","花生"
"削水果","削水果"
"小販","小販"
"偷看","偷看"
"剝皮","剝皮"
"筆","筆"
"鉛筆","鉛筆"
"看穿","看穿"
"澎湖","澎湖"
"們","們"
"胡椒","胡椒"
"辣","辣"
"完美","完美"
"完美無缺","完美無缺"
"期","期"
"段","段"
"人","人"
"義氣","義氣"
"個性","個性"
"博士","博士"
"菲律賓","菲律賓"
"相片","相片"
"影印","影印"
"運動","運動"
"琴","琴"
"欺侮","欺侮"
"扒手","扒手"
"豬","豬"
"堆高機","堆高機"
"枕頭","枕頭"
"松","松"
"鳳梨","鳳梨"
"乒乓球","乒乓球"
"屏東","屏東"
"粉紅色","粉紅色"
"管子","管子"
"投球","投球"
"可憐","可憐"
"可惜","可惜"
"地方","地方"
"約","約"
"計畫","計畫"
"種","種"
"播放帶","播放帶"
"笛子","笛子"
"打牌","打牌"
"撲克牌","撲克牌"
"打麻將","打麻將"
"請","請"
"順眼","順眼"
"插座","插座"
"梅","梅"
"詩","詩"
"針對","針對"
"中毒","中毒"
"警車","警車"
"警察","警察"
"污染","污染"
"開罐","開罐"
"貧窮","貧窮"
"冰","冰"
"陶瓷","陶瓷"
"大頭貼","大頭貼"
"佔為己有","佔為己有"
"郵局","郵局"
"郵差","郵差"
"延期","延期"
"馬鈴薯","馬鈴薯"
"倒","倒"
"倒茶","倒茶"
"練習","練習"
"祈禱","祈禱"
"懷孕","懷孕"
"準備","準備"
"總統","總統"
"威脅","威脅"
"壓","壓"
"預防","預防"
"出版","出版"
"入獄","入獄"
"探測針","探測針"
"問題","問題"
"手續","手續"
"利","利"
"節目","節目"
"進步","進步"
"投影機","投影機"
"發音","發音"
"妓女","妓女"
"保護","保護"
"訓導處","訓導處"
"自大","自大"
"執照","執照"
"公","公"
"公費","公費"
"拉","拉"
"脈搏","脈搏"
"剪票","剪票"
"翁","翁"
"守時","守時"
"刑","刑"
"傀儡","傀儡"
"布袋戲","布袋戲"
"紫","紫"
"推","推"
"放","放"
"上銬","上銬"
"穿衣","穿衣"
"張貼","張貼"
"金字塔","金字塔"
"地震","地震"
"吵","吵"
"吵架","吵架"
"安靜","安靜"
"被子","被子"
"兔子","兔子"
"賽跑","賽跑"
"下雨","下雨"
"虹","虹"
"升旗","升旗"
"抬頭","抬頭"
"範圍","範圍"
"強姦","強姦"
"生的","生的"
"收割","收割"
"回憶","回憶"
"收據","收據"
"收到","收到"
"收信","收信"
"過去的最近","過去的最近"
"紀錄","紀錄"
"招募","招募"
"紅","紅"
"反射","反射"
"冰箱","冰箱"
"防禦","防禦"
"報名","報名"
"註冊","註冊"
"惋惜","惋惜"
"後悔","後悔"
"關係","關係"
"親戚","親戚"
"接力賽跑","接力賽跑"
"鬆了一口氣","鬆了一口氣"
"勉強","勉強"
"保存","保存"
"背誦","背誦"
"借","借"
"租","租"
"報告","報告"
"名譽","名譽"
"救","救"
"研究","研究"
"辭職","辭職"
"抗拒","抗拒"
"尊敬","尊敬"
"負責","負責"
"休息","休息"
"餐廳","餐廳"
"恢復","恢復"
"退步","退步"
"揭開","揭開"
"回復","回復"
"革命","革命"
"轉","轉"
"犀牛","犀牛"
"米","米"
"稀飯","稀飯"
"粽子","粽子"
"有錢","有錢"
"譏笑","譏笑"
"右","右"
"拼命","拼命"
"河","河"
"路","路"
"平交道","平交道"
"搶","搶"
"強盜","強盜"
"火箭","火箭"
"捲","捲"
"搓(湯圓)","搓(湯圓)"
"溜冰","溜冰"
"室","室"
"繩子","繩子"
"玫瑰","玫瑰"
"圓","圓"
"划","划"
"划船","划船"
"橡皮擦","橡皮擦"
"橄欖球","橄欖球"
"規則","規則"
"跑","跑"
"流鼻涕","流鼻涕"
"奔波","奔波"
"蘇(姓)","蘇(姓)"
"傷心","傷心"
"帆船","帆船"
"口沫","口沫"
"鹹","鹹"
"一樣","一樣"
"通用","通用"
"三重","三重(地名)"
"三明治","三明治"
"聖誕老人","聖誕老人"
"星期六","星期六"
"節省","節省"
"存錢","存錢"
"珍惜","珍惜"
"士","士"
"學校","學校"
"剪刀","剪刀"
"罵","罵"
"刮(彩卷)","刮(彩卷)"
"海","海"
"取消","取消"
"季","季"
"第二個","第二個"
"第二名","第二名"
"乙","乙"
"保密","保密"
"秘密","秘密"
"秘密戀愛","秘密戀愛"
"段","段"
"見","見"
"探索","探索"
"看多了","看多了"
"把握時間","把握時間"
"自己","自己"
"自立自強","自立自強"
"自私","自私"
"售","售"
"高中","高中"
"分","分"
"佣人","佣人"
"服務","服務"
"七","七"
"7-11","7-11"
"七十","七十"
"縫","縫"
"生殖器","生殖器"
"性交","性交"
"影子","影子"
"搖動","搖動"
"握手","握手"
"淺","淺"
"丟臉","丟臉"
"不要臉","不要臉"
"刮鬍子","刮鬍子"
"剃光頭","剃光頭"
"她","她"
"貝","貝"
"事","事"
"卸責給他","卸責給他"
"士林","士林"
"卸責","卸責"
"襯衫","襯衫"
"鞋子","鞋子"
"低","低"
"近","近"
"拮据","拮据"
"短袖","短袖"
"捷徑","捷徑"
"應該","應該"
"吼","吼"
"示範","示範"
"顯眼","顯眼"
"蝦","蝦"
"閉嘴","閉嘴"
"百葉窗","百葉窗"
"害羞","害羞"
"生病","生病"
"邊","邊"
"手語","手語"
"報名","報名"
"細","細"
"銀","銀"
"如同","如同"
"以為","以為"
"老實","老實"
"多才多藝","多才多藝"
"身兼數職","身兼數職"
"唱","唱"
"沉","沉"
"坐","坐"
"情形","情形"
"六","六"
"小六","小六"
"六十","六十"
"滑雪","滑雪"
"厲害","厲害"
"皮","皮"
"裙子","裙子"
"天","天"
"睡","睡"
"打盹","打盹"
"睏","睏"
"溜滑梯","溜滑梯"
"拖鞋","拖鞋"
"慢","慢"
"揍人","揍人"
"狡猾","狡猾"
"聰明","聰明"
"抹片","抹片"
"聞","聞"
"臭","臭"
"微笑","微笑"
"走私","走私"
"零食","零食"
"蝸牛","蝸牛"
"蛇","蛇"
"折斷","折斷"
"雪","雪"
"所謂","所謂"
"肥皂","肥皂"
"足球","足球"
"社會","社會"
"離開","離開"
"襪子","襪子"
"汽水","汽水"
"佔領","佔領"
"軟","軟"
"柔軟","柔軟"
"孤獨","孤獨"
"解決","解決"
"翻跟斗","翻跟斗"
"兒子","兒子"
"對不起","對不起"
"靈魂","靈魂"
"聲音","聲音"
"湯","湯"
"酸","酸"
"南","南"
"南美洲","南美洲"
"南","南"
"南極","南極"
"醬油","醬油"
"豆漿","豆漿"
"寬","寬"
"西班牙","西班牙"
"扭傷","扭傷"
"說","說"
"說話","說話"
"優待","優待"
"特別","特別"
"專長","專長"
"名產","名產"
"話","話"
"演講","演講"
"快艇","快艇"
"蜘蛛","蜘蛛"
"精神","精神"
"運動","運動"
"流傳","流傳"
"下學期","下學期"
"一年級下學期","一年級下學期"
"發芽","發芽"
"奸細","奸細"
"松鼠","松鼠"
"郵票","郵票"
"站","站"
"排隊","排隊"
"站起來","站起來"
"星星","星星"
"楊桃","楊桃"
"打開","打開"
"吃驚","吃驚"
"嚇一跳","嚇一跳"
"州","州"
"站牌","站牌"
"小偷","小偷"
"包子","包子"
"步驟","步驟"
"貼","貼"
"黏","黏"
"依然","依然"
"刺激","刺激"
"攪","攪"
"炒","炒"
"股票","股票"
"胃","胃"
"石頭","石頭"
"止","止"
"儲放","儲放"
"倉庫","倉庫"
"樓","樓"
"故事","故事"
"直","直"
"奇怪","奇怪"
"條紋","條紋"
"力量","力量"
"嚴格","嚴格"
"強","強"
"壯","壯"
"固執","固執"
"學生","學生"
"學生證","學生證"
"唸書","唸書"
"湯圓","湯圓"
"笨","笨"
"副","副"
"部屬","部屬"
"代替","代替"
"剩","剩"
"一瞬間","一瞬間"
"賠本","賠本"
"划不來","划不來"
"多的是","多的是"
"釋迦","釋迦"
"甜","甜"
"甘蔗","甘蔗"
"提出","提出"
"建議","建議"
"自殺","自殺"
"西裝","西裝"
"太陽","太陽"
"孫","孫(姓)"
"星期天","星期天"
"晴天","晴天"
"日出","日出"
"夕陽","夕陽"
"較優","較優"
"供應","供應"
"支持","支持"
"場","場"
"大於勝過","大於勝過"
"投降","投降"
"吊橋","吊橋"
"燕子","燕子"
"瑞典","瑞典"
"打掃","打掃"
"掃地","掃地"
"清明節","清明節"
"地瓜","地瓜"
"游泳","游泳"
"欺騙","欺騙"
"鞦韆","鞦韆"
"瑞士","瑞士"
"劍","劍"
"系列","系列"
"桌子","桌子"
"不約而同","不約而同"
"台中","台中"
"最後","最後"
"裁縫","裁縫"
"台南","台南"
"台北","台北"
"台灣","台灣"
"肉圓","肉圓"
"歌仔戲","歌仔戲"
"取","取"
"佔便宜","佔便宜"
"保重","保重"
"照顧","照顧"
"脫衣","脫衣"
"依序","依序"
"長舌","長舌"
"高","高"
"淡水","淡水(地名)"
"坦克車","坦克車"
"錄音帶","錄音帶"
"錄音","錄音"
"泰山","泰山"
"味道","味道"
"沒味道","沒味道"
"稅","稅"
"計程車","計程車"
"茶","茶"
"教","教"
"老師","老師"
"技巧","技巧"
"電報","電報"
"電話","電話"
"望遠鏡","望遠鏡"
"電視","電視"
"告訴","告訴"
"實話實說","實話實說"
"廟","廟"
"暫時","暫時"
"暫停","暫停"
"十","十"
"萬","萬"
"十萬","十萬"
"考","考"
"泰國","泰國"
"感謝","感謝"
"一言為定","一言為定"
"他倆","他倆"
"我倆","我倆"
"你倆","你倆"
"視野狹窄","視野狹窄"
"全台灣","全台灣"
"電影院","電影院"
"就","就"
"那","那"
"一定沒有問題","一定沒有問題"
"他們","他們"
"厚","厚"
"瘦","瘦"
"薄","薄"
"東西","東西"
"想","想"
"丙","丙"
"口渴","口渴"
"三十","三十"
"這","這"
"千","千"
"三","三"
"喉","喉"
"扔掉","扔掉"
"圖釘","圖釘"
"星期四","星期四"
"老虎","老虎"
"時間","時間"
"時候","時候"
"丁","丁(姓)"
"勞累","勞累"
"乏味","乏味"
"辛苦","辛苦"
"頒獎","頒獎"
"聽說","聽說"
"出租","出租"
"死背","死背"
"入殮","入殮"
"投奔","投奔"
"花錢","花錢"
"一同","一同"
"一起","一起"
"馬桶","馬桶"
"衛生紙","衛生紙"
"蕃茄","蕃茄"
"明天","明天"
"嫌少","嫌少"
"慘不忍睹","慘不忍睹"
"太多","太多"
"牙齒","牙齒"
"牙刷","牙刷"
"頂","頂"
"接觸","接觸"
"豆腐","豆腐"
"不認輸","不認輸"
"拖吊","拖吊"
"向","向"
"軌道","軌道"
"交通","交通"
"塞車","塞車"
"訓練","訓練"
"火車","火車"
"翻譯","翻譯"
"運輸","運輸"
"旅行團","旅行團"
"旅行","旅行"
"環遊世界","環遊世界"
"樹","樹"
"發抖","發抖"
"三角形","三角形"
"三腳架","三腳架"
"傷腦筋","傷腦筋"
"卡車","卡車"
"真","真"
"試試看","試試看"
"曹","曹(姓)"
"星期二","星期二"
"拔河","拔河"
"不倒翁","不倒翁"
"火雞","火雞"
"熄燈","熄燈"
"轉鈕","轉鈕"
"蘿蔔","蘿蔔"
"周轉","周轉"
"龜","龜"
"二十","二十"
"二","二"
"兩個","兩個"
"二合一","二合一"
"上兩星期","上兩星期"
"打字","打字"
"颱風","颱風"
"醜","醜"
"超音波","超音波"
"雨傘","雨傘"
"不會","不會"
"想不起來","想不起來"
"不認識","不認識"
"不清楚","不清楚"
"不在乎","不在乎"
"不知不覺","不知不覺"
"地下道","地下道"
"不料","不料"
"不認識","不認識"
"當耳邊風","當耳邊風"
"制服","制服"
"統一","統一"
"一枝獨秀","一枝獨秀"
"聯合","聯合"
"美國","美國"
"除非","除非"
"開鎖","開鎖"
"不幸","不幸"
"倒楣","倒楣"
"看不順眼","看不順眼"
"壞話","壞話"
"不合適","不合適"
"不服","不服"
"上","上"
"升級","升級"
"著急","著急"
"小便","小便"
"用","用"
"沒有用","沒有用"
"不必","不必"
"沒有用","沒有用"
"放假","放假"
"休假","休假"
"陰部","陰部"
"價值","價值"
"等等","等等"
"各式各樣","各式各樣"
"茫茫","茫茫"
"菜","菜"
"素食","素食"
"很","很"
"獸醫","獸醫"
"電動玩具","電動玩具"
"錄影帶","錄影帶"
"越南","越南"
"醋","醋"
"品德","品德"
"拜訪","拜訪"
"欣賞","欣賞"
"送醫","送醫"
"親臨","親臨"
"志願","志願"
"排球","排球"
"冊","冊"
"吐","吐"
"投票","投票"
"俗氣","俗氣"
"腰","腰"
"等","等"
"給你好看","給你好看"
"侍者","侍者"
"醒","醒"
"走","走"
"行","行"
"徘徊","徘徊"
"牆","牆"
"王","王"
"要","要"
"水性楊花","水性楊花"
"打仗","打仗"
"暖和","暖和"
"溫泉","溫泉"
"洗","洗"
"洗臉","洗臉"
"洗髮","洗髮"
"浪費","浪費"
"白費","白費"
"手錶","手錶"
"菱角","菱角"
"水","水"
"瀑布","瀑布"
"西瓜","西瓜"
"瓜子","瓜子"
"波浪","波浪"
"蓮霧 ","蓮霧 "
"我們","我們"
"弱","弱"
"武器","武器"
"星期三","星期三"
"秤","秤"
"迎接","迎接"
"歡迎","歡迎"
"井","井"
"乖","乖"
"西","西"
"西餐","西餐"
"鯨魚","鯨魚"
"什麼","什麼"
"日期","日期"
"星期幾","星期幾"
"幾時","幾時"
"怎麼辦","怎麼辦"
"任意","任意"
"麥","麥"
"哪裡","哪裡"
"幾月","幾月"
"什麼","什麼"
"白","白"
"紙","紙"
"誰","誰"
"全部","全部"
"為什麼","為什麼"
"寡婦","寡婦"
"鰥夫","鰥夫"
"太太","太太"
"答應","答應"
"柳樹","柳樹"
"野柳","野柳"
"勝利","勝利"
"秋","秋"
"窗","窗"
"酒","酒"
"翅膀","翅膀"
"口哨","口哨"
"退","退"
"凋萎","凋萎"
"狼","狼"
"女同性戀","女同性戀"
"餛飩","餛飩"
"懷疑","懷疑"
"木","木"
"啄木鳥","啄木鳥"
"詞","詞"
"上班","上班"
"世界","世界"
"擔心","擔心"
"包","包"
"擰","擰"
"寫","寫"
"寫單據","寫單據"
"文","文"
"毛筆","毛筆"
"筆談","筆談"
"吳","吳"
"仙","仙"
"汐止","汐止(地名)"
"楊","楊(姓)"
"院子","院子"
"打哈欠","打哈欠"
"一年","一年"
"黃","黃(姓)"
"昨天","昨天"
"原諒","原諒"
"你","你"
"你們","你們"
"少年","少年"
"弟弟","弟弟"
"妹妹","妹妹"
"屬於你","屬於你"
"于","于"
"零","零"
"之","之"
"中壢","中壢"
"拉鍊","拉鍊"
"打敗","打敗"
"公共汽車","公共汽車"
"跛子","跛子"
"每週","每週"
"遇到","遇到"
"出殯","出殯"
"原住民","原住民"
"透視圖","透視圖"
"卡","卡"
"通學","通學"
"不及格","不及格"
"底片","底片"
"了","了"
"傷","傷"
"泡茶","泡茶"
"打量","打量"
"軍","軍"
"看錯了","看錯了"
"老","老"
"位","位"
"支持","支持"
"吞嚥","吞嚥"
"太","太"
"步行","步行"
"為什麼","為什麼"
"冤枉","冤枉"
"疹","疹"
"假借名義乞討","假借名義乞討"
"素","素"
"被","被"
"冤枉","冤枉"
"人拿過去","人拿過去"
"討帳","討帳"
"疹","疹"
"盛飯","盛飯"
"又","又"
"運氣差","運氣差"
"煞車","煞車"
"參考","參考"
"油條","油條"
"透過","透過"
"電","電"
"補","補"
"老鼠","老鼠"
"除夕","除夕"
"少一個","少一個"
"倒茶","倒茶"
"訓導處","訓導處"
"矮","矮"
"雪","雪"
"子","子"
"依然","依然"
"高","高"
"紅蘿蔔","紅蘿蔔"
"白蘿蔔","白蘿蔔"
"光","光"
"肥肉","肥肉"
"夾菜","夾菜"
"汽水","汽水"
"社會","社會"
"零分","零分"
"洗車","洗車"
"EMAIL","EMAIL"
"高鐵","高鐵"
"台北捷運","台北捷運"
"高雄捷運","高雄捷運"
"飆車 ","飆車 "
"飆車","飆車"
"古蹟","古蹟"
"名勝","名勝"
"澳門","澳門"
"米粉","米粉"
"獨生子","獨生子"
"獨生女","獨生女"
"排行老二","排行老二"
"排行老三","排行老三"
"排行老大","排行老大"
"排行老么","排行老么"
"堂哥","堂哥"
"表姊","表姊"
"爸爸媽媽","爸爸媽媽"
"兄弟姊妹","兄弟姊妹"
"公公","公公"
"婆婆","婆婆"
"岳母","岳母"
"姑丈","姑丈"
"嬸嬸","嬸嬸"
"姨丈","姨丈"
"舅媽","舅媽"
"大嫂","大嫂"
"妯娌","妯娌"
"女婿","女婿"
"姊夫","姊夫"
"外甥","外甥"
"姪子","姪子"
"外甥女","外甥女"
"壽司","壽司"
"飯糰","飯糰"
"燒餅","燒餅"
"燒餅油條","燒餅油條"
"羹","羹"
"起司","起司"
"牛奶","牛奶"
"果汁","果汁"
"紅茶","紅茶"
"綠茶","綠茶"
"珍珠奶茶","珍珠奶茶"
"開水","開水"
"可口可樂","可口可樂"
"百事可樂","百事可樂"
"椰子","椰子"
"柚子","柚子"
"奇異果","奇異果"
"烤","烤"
"自助餐","自助餐"
"夜市","夜市"
"牛排","牛排"
"義大利麵","義大利麵"
"便當","便當"
"碗粿","碗粿"
"刀削麵","刀削麵"
"甜不辣","甜不辣"
"布丁","布丁"
"豆花","豆花"
"果凍","果凍"
"蚵仔煎","蚵仔煎"
"貢丸","貢丸"
"花枝丸","花枝丸"
"素丸","素丸"
"魚丸","魚丸"
"蝦丸","蝦丸"
"蝦捲","蝦捲"
"小籠包","小籠包"
"火雞肉飯","火雞肉飯"
"大腸包小腸","大腸包小腸"
"米腸","米腸"
"香腸","香腸"
"棺材板","棺材板"
"太陽餅","太陽餅"
"薑母鴨","薑母鴨"
"麻糬","麻糬"
"米苔目","米苔目"
"擔仔麵","擔仔麵"
"蛋捲","蛋捲"
"鳳梨酥","鳳梨酥"
"萬巒豬腳","萬巒豬腳"
"全家便利商店","全家便利商店"
"OK便利商店","OK便利商店"
"好市多","好市多"
"幾年","幾年"
"大概","大概"
"破曉","破曉"
"黃昏","黃昏"
"半夜","半夜"
"打工","打工"
"兼差","兼差"
"耽誤","耽誤"
"耽誤 ","耽誤 "
"流利","流利"
"隔壁鄰居","隔壁(鄰居)"
"十字路口","十字路口"
"紅綠燈","紅綠燈"
"百貨公司","百貨公司"
"菜市場","菜市場"
"書局","書局"
"購物中心","購物(量販)中心"
"停車場","停車場"
"文化中心","文化中心"
"美容院","美容院"
"旅館","旅館"
"自動提款機(ATM)","自動提款機(ATM)"
"絡繹不絕","絡繹不絕"
"手機","手機"
"智慧型手機","智慧型手機"
"蘋果手機","蘋果手機"
"安卓系統","安卓系統 (手機系統)"
"三星","三星"
"SONY手機","SONY手機"
"運動場","運動場"
"操場","操場"
"高爾夫球場","高爾夫球場"
"網球","網球"
"羽毛球","羽毛球"
"排球","排球"
"壁球","壁球"
"躲避球","躲避球"
"電動玩具","電動玩具"
"油畫","油畫"
"水彩畫","水彩畫"
"國畫","國畫"
"木刻版畫","木刻版畫"
"購物","購物"
"赤崁樓","赤崁樓"
"孔廟","孔廟"
"植物","植物"
"礦物","礦物"
"廢物","廢物"
"食物","食物"
"菠菜","菠菜"
"米漿","米漿"
"榴槤","榴槤"
"拉麵","拉麵"
"鍋貼","鍋貼"
"上課","上課"
"教室","教室"
"休閒","休閒"
"履歷表","履歷表"
"經歷","經歷"
"對話","對話"
"啟聰學校","啟聰學校"
"薪水","薪水"
"牙膏","牙膏"
"毛巾","毛巾"
"浴巾","浴巾"
"浴帽","浴帽"
"安全帽","安全帽"
"洗髮精","洗髮精"
"沐浴乳","沐浴乳"
"浴室","浴室"
"客廳","客廳"
"拖鞋","拖鞋"
"皮鞋","皮鞋"
"礦泉水","礦泉水"
"吹風機","吹風機"
"冷氣機","冷氣機"
"洗衣機","洗衣機"
"吊扇","吊扇"
"筆記型電腦","筆記型電腦"
"扣子","扣子"
"蔥抓餅","蔥抓餅"
"豬血糕","豬血糕"
"蘿蔔糕","蘿蔔糕"
"紅豆餅","紅豆餅"
"米糕","米糕"
"豬腳麵線","豬腳麵線"
"海鮮","海鮮"
"高職","高職"
"申請","申請"
"科目","科目"
"藝術","藝術"
"科技","科技"
"科技大學","科技大學"
"學務處","學務處"
"國文","國文"
"十二生肖","十二生肖"
"企鵝","企鵝"
"荷花","荷花"
"梅花","梅花"
"松樹","松樹"
"豹","豹"
"金魚","金魚"
"商店","商店"
"媽祖廟","媽祖廟"
"城隍廟","城隍廟"
"圖書館","圖書館"
"美術館","美術館"
"活動中心","活動中心"
"文化中心","文化中心"
"公共廁所","公共廁所"
"麥當勞","麥當勞"
"胖老爹炸雞","胖老爹炸雞"
"設施","設施"
"尖","尖"
"濕","濕"
"蝨子","蝨子"
"角","角 (動物)"
"舌頭","舌頭"
"指甲","指甲"
"種子","種子"
"樹根","樹根"
"樹皮","樹皮"
"灰塵","灰塵"
"煙霧","煙霧"
"灰燼","灰燼"
"膨脹","膨脹"
"獵","獵"
"割","割"
"刺","刺"
"搔癢","搔癢"
"挖","挖"
"浮","浮"
"人口流動","人口流動"
"流動","流動"
"什麼時候","什麼時候"
"一些","一些"
"摩擦","摩擦"
"擦(桌子)","擦(桌子)"
"綁","綁"
"兆","兆"
"海獅","海獅"
"吉他","吉他"
"蘿蔔湯","蘿蔔湯"
"蛋花湯","蛋花湯"
"電子琴","電子琴"
"鯊魚","鯊魚"
"平板電腦","平板電腦"
"自由式","自由式"
"蛙式","蛙式"
"蝶式","蝶式"
"仰式","仰式"
"公車站","公車站"
"高鐵站","高鐵站"
"火車站","火車站"
"火車票","火車票"
"高鐵票","高鐵票"
"飛機票","飛機票"
"大家","大家"
"聽障","聽障"
"外公","外公"
"外婆","外婆"
"兄弟","兄弟"
"姊妹","姊妹"
"外孫","外孫"
"外孫女","外孫女"
"雙胞胎","雙胞胎"
"三胞胎","三胞胎"
"同性婚姻(男性)","同性婚姻(男性)"
"同性婚姻(女性)","同性婚姻(女性)"
"夫妻","夫妻"
"聾小孩","聾小孩"
"嫂嫂","嫂嫂"
"姊夫","姊夫"
"龍鳳胎","龍鳳胎"
"聽障小孩","聽障小孩"
"排行","排行"
"排行第幾","排行第幾"
"今年","今年"
"幾個星期前","幾個星期前"
"上個月","上個月"
"兩天後","兩天後"
"幾個星期後","幾個星期後"
"下個月","下個月"
"凌晨","凌晨"
"通宵","通宵"
"早餐","早餐"
"早午餐","早午餐"
"中餐","中餐"
"晚餐 ","晚餐 "
"每年","每年"
"手語課","手語課"
"鋼琴課","鋼琴課"
"英文課","英文課"
"數學課","數學課"
"LINE","LINE (通訊軟體)"
"研究所","研究所"
"國中一年級","國中一年級"
"國中二年級","國中二年級"
"國中三年級","國中三年級"
"高中一年級","高中一年級"
"高中二年級","高中二年級"
"高中三年級","高中三年級"
"大學一年級","大學一年級"
"國立中正大學","國立中正大學"
"國立清華大學","國立清華大學"
"國立交通大學","國立交通大學"
"國立成功大學","國立成功大學"
"東海大學","東海大學"
"國立台灣大學","國立台灣大學"
"逢甲大學","逢甲大學"
"民雄 ","民雄 "
"一半","一半"
"多久?","多久?"
"幾點?","幾點?"
"幾分鐘?","幾分鐘?"
"幾秒鐘?","幾秒鐘?"
"幾星期?","幾星期?"
"多少錢?","多少錢?"
"什麼事情?","什麼事情?"
"體重","體重"
"臉書","臉書"
"Instagram","Instagram"
"吃藥","吃藥"
"摩斯漢堡","摩斯漢堡"
"肯德基","肯德基"
"星巴克","星巴克"
"屈臣氏","屈臣氏"
"康是美","康是美"
"退化","退化"
"產出","產出"
"泡麵","泡麵"
"不是我","不是我"
"我沒有","我沒有"
"男追女","男追女"
"女追男","女追男"
"農曆","農曆"
"婦女節","婦女節"
"兒童節","兒童節"
"勞動節","勞動節"
"母親節","母親節"
"父親節","父親節"
"情人節","情人節"
"中元節","中元節"
"教師節","教師節"
"國定假日","國定假日"
"跨","跨"
"跨年","跨年"
"月餅","月餅"
"請假","請假"
"病假","病假"
"生理假","生理假"
"生理期","生理期"
"事假","事假"
"公假","公假"
"喪假","喪假"
"婚假","婚假"
"陪產假","陪產假"
"育嬰假","育嬰假"
"四季","四季"
"春天","春天"
"夏天","夏天"
"秋天","秋天"
"冬天","冬天"
"暑假","暑假"
"寒假","寒假"
"夏至","夏至"
"冬至","冬至"
"天氣","天氣"
"梅雨","梅雨"
"梅雨季節","梅雨季節"
"冰雹","冰雹"
"寒流","寒流"
"焚風","焚風"
"海嘯","海嘯"
"淹水","淹水"
"好久沒有","好久沒有"
"龍捲風","龍捲風"
"颱風假","颱風假"
"系","系"
"文學院","文學院"
"中國語文學系","中國語文學系"
"外國語文學系","外國語文學系"
"哲學系","哲學系"
"地球與環境科學系","地球與環境科學系"
"物理學系","物理學系"
"化學與生物學系","化學與生物學系"
"化學系","化學系"
"生物系","生物系"
"生命科學系","生命科學系"
"科","科"
"社會福利學系","社會福利學系"
"心理學系","心理學系"
"勞工關係學系","勞工關係學系"
"政治學系","政治學系"
"傳播學系","傳播學系"
"工學院","工學院"
"資訊工程學系","資訊工程學系"
"資訊","資訊"
"電機工程學系","電機工程學系"
"機械工程學系","機械工程學系"
"化學工程學系","化學工程學系"
"通訊工程學系","通訊工程學系"
"管理學院","管理學院"
"經濟學系","經濟學系"
"企業管理學系","企業管理學系"
"財務金融學系","財務金融學系"
"會計與科技資訊學系","會計與科技資訊學系"
"科技","科技"
"法學院","法學院"
"法律系","法律系"
"條文","條文"
"財經法律學系","財經法律學系"
"教育學院","教育學院"
"成人繼續教育學系","成人繼續教育學系"
"成人","成人"
"犯罪防治學系","犯罪防治學系"
"運動競技學系","運動競技學系"
"番茄","番茄"
"披薩","披薩"
"鮪魚","鮪魚"
"蓮霧","蓮霧"
"草莓","草莓"
"冬瓜","冬瓜"
"蘋果","蘋果"
"我會游泳","我/游泳/會"
"我會自由式","我/自由式/會"
"我會蛙式","我/蛙式/會"
"我會仰式","我/仰式/會"
"公公會游泳","公公/游泳/會"
"公公會自由式","公公/自由式/會"
"公公會蛙式","公公/蛙式/會"
"公公會仰式","公公/仰式/會"
"岳母會游泳","岳母/游泳/會"
"岳母會自由式","岳母/自由式/會"
"岳母會蛙式","岳母/蛙式/會"
"岳母會仰式","岳母/仰式/會"
"姑丈會游泳","姑丈/游泳/會"
"姑丈會自由式","姑丈/自由式/會"
"姑丈會蛙式","姑丈/蛙式/會"
"姑丈會仰式","姑丈/仰式/會"
"嬸嬸會游泳","嬸嬸/游泳/會"
"嬸嬸會自由式","嬸嬸/自由式/會"
"嬸嬸會蛙式","嬸嬸/蛙式/會"
"嬸嬸會仰式","嬸嬸/仰式/會"
"姨丈會游泳","姨丈/游泳/會"
"姨丈會自由式","姨丈/自由式/會"
"姨丈會蛙式","姨丈/蛙式/會"
"姨丈會仰式","姨丈/仰式/會"
"舅媽會游泳","舅媽/游泳/會"
"舅媽會自由式","舅媽/自由式/會"
"舅媽會蛙式","舅媽/蛙式/會"
"舅媽會仰式","舅媽/仰式/會"
"大嫂會游泳","大嫂/游泳/會"
"大嫂會自由式","大嫂/自由式/會"
"大嫂會蛙式","大嫂/蛙式/會"
"大嫂會仰式","大嫂/仰式/會"
"女婿會游泳","女婿/游泳/會"
"女婿會自由式","女婿/自由式/會"
"女婿會蛙式","女婿/蛙式/會"
"女婿會仰式","女婿/仰式/會"
"姊夫會游泳","姊夫/游泳/會"
"姊夫會自由式","姊夫/自由式/會"
"姊夫會蛙式","姊夫/蛙式/會"
"姊夫會仰式","姊夫/仰式/會"
"外甥會游泳","外甥/游泳/會"
"外甥會自由式","外甥/自由式/會"
"外甥會蛙式","外甥/蛙式/會"
"外甥會仰式","外甥/仰式/會"
"姪子會游泳","姪子/游泳/會"
"姪子會自由式","姪子/自由式/會"
"姪子會蛙式","姪子/蛙式/會"
"姪子會仰式","姪子/仰式/會"
"外甥女會游泳","外甥女/游泳/會"
"外甥女會自由式","外甥女/自由式/會"
"外甥女會蛙式","外甥女/蛙式/會"
"外甥女會仰式","外甥女/仰式/會"
"弟弟會游泳","弟弟/游泳/會"
"弟弟會自由式","弟弟/自由式/會"
"弟弟會蛙式","弟弟/蛙式/會"
"弟弟會仰式","弟弟/仰式/會"
"妹妹會游泳","妹妹/游泳/會"
"妹妹會自由式","妹妹/自由式/會"
"妹妹會蛙式","妹妹/蛙式/會"
"妹妹會仰式","妹妹/仰式/會"
"太太會游泳","太太/游泳/會"
"太太會自由式","太太/自由式/會"
"太太會蛙式","太太/蛙式/會"
"太太會仰式","太太/仰式/會"
"我們會游泳","我們/游泳/會"
"我們會自由式","我們/自由式/會"
"我們會蛙式","我們/蛙式/會"
"我們會仰式","我們/仰式/會"

"我倆會游泳","我倆/游泳/會"
"我倆會自由式","我倆/自由式/會"
"我倆會蛙式","我倆/蛙式/會"
"我倆會仰式","我倆/仰式/會"
"他倆會游泳","他倆/游泳/會"
"他倆會自由式","他倆/自由式/會"
"他倆會蛙式","他倆/蛙式/會"
"他倆會仰式","他倆/仰式/會"
"老師會游泳","老師/游泳/會"
"老師會自由式","老師/自由式/會"
"老師會蛙式","老師/蛙式/會"
"老師會仰式","老師/仰式/會"
"外甥女會游泳","外甥女/游泳/會"
"外甥女會自由式","外甥女/自由式/會"
"外甥女會蛙式","外甥女/蛙式/會"
"外甥女會仰式","外甥女/仰式/會"






"他很孤單，需要陪伴","他/孤獨/他/要/陪伴/他"
"他們兩家從以前到現在積怨很久","房子/兩個/地方/這/這/以前/到/現在/積怨/久"
"他近來的行動怪異","他/過去的最近/行動/奇怪"
"寫作業會增加壓力 ","作業/寫/壓力/加/會"
"人人都要有冒險無懼的精神","每/人/你們/冒險/不怕/要/有"
"我完全不知道這件事","這/事情/我/完全/不知道"
"我家有事情要處理","我/家/有/事情/去/負責/做"
"家庭對人有很大的影響","人/家/地方/影響/大"
"他看見蜜蜂就害怕","蜜蜂/他/見/怕"
"自己去森林很危險","自己/去/森林/危險/很"
"這麼繁重的工作，真叫我害怕","這/工作/這些/我/怕/很"
"我和他很怕閃電","電/我/他/怕"
"今天下午要去打籃球","今天/下午/去/籃球"
"歡迎再度來到台灣","高興/歡迎/再/來/台灣"
"我想(同意)他一定來","我/同意/他/來/會/一樣"
"他到機場觀賞飛機起降","機場/他/去/見/飛機起降"
"爸爸完全不知道這件事","這/事情/爸爸/完全/不知道"
"他完全聽不懂我說的話","我/說/我/演講/告訴/他//全部/一竅不通/不知道"
"他經常睡不著","他/睡/做不成/老是"
"我老是忘記寫功課","讀書/寫/我/忘記/老是"
"爸爸很生氣","爸爸/生氣/很"
"氣象局宣布明天颱風會侵台","天氣/地方/這/宣佈/明天/台灣/颱風/這"
"我剛剛已經回答了你的問題","你/問題/我/剛剛/回答你/完了"
"他開車經過了許多高樓","大樓/他/開車/經過"
"我們約明天下午三點見面","我們兩個/明天/下午/三點/約/見面"
"明天我安排了一場會議","明天/會議/我/安排/完了"
"媽媽昨天整理好了客廳","媽媽/昨天/整理/客/地方/整理/結束"
"我今天上班又遲到了","今天/工作/我/遲到/又來了"
"他問了我一道數學題目","數學/題/他/問我"
"我們要分配好自己的時間，這樣做事才會有效率","我/這些/自己/時間/分配/要/工作/事情/試試看/完成/快"
"你不要引誘他人做違法的事情","你/不要/引誘/什麼/違法/做/事情/不"
"房子後面開了許多玫瑰花","房子/後面/這/開花/玫瑰"
"歹徒心狠手辣，非常殘忍","這/壞/人/壞/ 心/殘忍/壞/很"
"他獲保釋後接受電視專訪","他/保釋/保釋/電視/訪問"
"這間銀行很古老","這/銀行/地方/銀行/舊/古老"
"藝人日前記者會宣布破產","藝人/他/將來的最近/紀錄/人/會議/宣佈/我/破產"
"籃球是我最喜歡的運動","運動/類別/其中/籃球/我/喜歡/很"
"他每天早晚都洗澡","他/每天/早上/晚上/洗澡"
"公園裡的玫瑰很美","公園/花/玫瑰/美"
"我喜歡那個漂亮的女生","那/女生/漂亮/我/喜歡/見/喜歡"
"森林遊玩要注意蜜蜂，以免被攻擊","去/森林/玩/注意/什麼/蜜蜂/攻擊/小心//如果/攻擊/你/注意"
"德國人喜歡喝啤酒","德國/人/那/啤酒/那/喜歡/喝/喜歡"
"我求媽媽帶我去動物園玩","動物園/玩/這/我/求/媽媽/求/媽媽/我/帶/去"
"我相信他不是故意的","我/相信/他/故意/不是"
"我們去買飲料","我們/去/飲料/買"
"我每天騎腳踏車上學","我/每天/騎腳踏車/去/讀書"
"那隻鳥的顏色很特別","那/鳥/顏色/特別"
"他的白髮變黑了，好神奇","他/白/髮/變/黑/奇怪"
"請朝著這張紙吹氣","這/張/這/吹"
"今天的天空是藍色的","今天/顏色/天空/藍/顏色"
"每天跑步對身體很好","每天/跑/身體/對/好"
"我喜歡煮魚料理","魚/煮/我/喜歡"
"照顧小孩真麻煩","小孩/照顧/麻煩"
"一碗米飯大概三百卡","米/碗/大概/三百/熱/程度"
"這個盒子是空的","這/盒子/空"
"他買的麵包很香","麵包/他/買/這/香"
"弟弟打破了這個玻璃杯","玻璃/杯子/這/弟弟/拿/打破"
"集市擠滿了買賣東西的人","買賣/地方/人/擠/買/賣/東西/賣"
"我忙得沒時間吃飯","我/忙/吃飯/時間/沒有"
"他很熱情，可是並不囉嗦","他/熱情/很/可是/囉嗦/不會"
"我買了去日本的機票","飛機/去/日本/飛機/票/我/買/結束"
"鐘響之後，老師就叫學生回來上課","鈴/完了/老師//叫/大家過來/念書"
"我們一起照相","我倆/一起/照相"
"他幫我買火車票","火車/票/他/幫我/買"
"過馬路要注意安全","路/邊/走/安全/注意"
"老師帶學生參加科學展覽","科學展/學生/老師/帶/進入"
"貓很可愛","那/貓/可愛"
"昨天他們一起抓住了小偷","小(偷)/這/他/昨天/他們/一起/抓"
"醫生要我配合，感冒才會好得快","醫生/要/我/相配/要/感冒/病/恢復/快/能"
"媽媽把這塊肉切成碎塊","肉/塊/媽媽/剁/碎塊/剁/碎塊"
"明天我們要慶祝你的生日","你/生日/明天/我們/幫忙/祝/慶祝"
"這張椅子少了一隻腳","這/椅子/四隻腳/腳/少一"
"毛毛蟲變成蝴蝶了","毛毛蟲/變/蝴蝶"
"請修改這份文件","請/張/請/改/這/改"
"我希望能與你交換位置","我/希望/什麼/你/我/位置交換"
"這份文件需要再增加表格及圖示說明","這/張/這/要/加/什麼/表格/再/第二個/畫/內容/解釋"
"哥哥追著弟弟跑","弟弟/哥哥/追/跑/追"
"聊天是舒壓的好方法","舒服//身體/方法/什麼/聊天/棒"
"吃飯的時候專心吃飯，請勿聊天","你/吃飯/聊天/不/吃飯/正(認真)/吃飯"
"這輛車很便宜","這/車/便宜"
"考試不可作弊","考試/作弊/不能"
"爸爸是英語系主任","爸爸/他/英文系/主任/是"
"他的小孩長大了","他/小孩/長大"
"有好多小孩在跑來跑去","小孩/他們/跑來跑去"
"他是成熟男人還是幼稚男孩?","他/男/人/成(成人)/怎麼//幼稚/小孩/男/怎麼//這倆個/怎麼"
"農曆新年很熱鬧","春節/溫暖/熱鬧/吵鬧"
"我會包水餃","我/水餃/會"
"請挑選你要的顏色","你/顏色/你/想/什麼/你/選"
"鐵筷比竹筷還要環保","鐵/筷子/竹子/筷子/比較/這/環保/棒/贏"
"鐵筷比竹筷還要環保","竹/筷子/鐵/筷子/比較/這/環保/棒/贏"
"星期天去教會","禮拜天/去/教堂"
"這裡新蓋了一間教堂","這/新/建設/什麼/教堂"
"他對菸酒上癮","他/這/香煙/酒/上癮"
"校園禁止抽煙","學校/這/抽煙/禁止"
"這座城市很漂亮","這/城/四周/美/美"
"剛剛發生車禍，於是我申請了保險理賠","剛剛/發生/車禍/這/申請/保險/索賠"
"他跟我是同學","我倆/同學/是"
"你的房間整理得很乾淨","你/住/房間/那/乾淨/棒/整理/棒"
"病人使用過的東西記得必須清洗乾淨","病人/這/使用/東西/這/你/記得/什麼/那/東西/乾淨/洗/東西/乾淨/要"
"你離開時，幫我把門關上","你/離開家/幫我/關門"
"關門時要輕一點","你/手把/關門/關門/輕"
"衣服在桌子上","桌子/衣服/放"
"雲在天上","雲/那裡"
"昨天陰天，今天大太陽","昨天/陰天//現在/太陽"
"這個小丑不時出現，逗人發笑","這/小/小丑/忽然/到處/笑/幽默"
"媽媽很怕蟑螂","那/蟑螂媽媽/那/怕"
"這杯咖啡很苦","這/咖啡/喝/苦"
"吃完一大碗冰後我覺得很冷","冰/大碗/我/吃/覺得/冷"
"你有收集郵票嗎?","郵票/張/郵票/你/收集/有沒有"
"這個顏色太暗了","這/顏色/暗"
"這衣服穿起來很舒服","這/衣服/穿/舒服"
"剛剛爸爸命令我去整理房 間","剛剛/爸爸/命令我/去/房間/整理"
"他送給我一張照片作紀念","他/送我/張/照片/紀念"
"這裡的會員可以免費使用運動器材","這/會員/可以/每/所有/可以/什麼/這/運動/東西/什麼/全部/免費/全部/可以"
"我拿「冠軍」已經是司空見慣了","第一名/拿/我/每/司空見慣"
"開會時要充分溝通","開會/溝通/要/溝通/想/什麼/溝通/要"
"他通學一年了，身體很累，所以決定住校。","他/通學/一年/身體/累/想/一定/住/學校"
"謝謝貴公司一直以來對我們的信任與支持","謝謝/你/公司/你/相信/我們/支持"
"弟弟和哥哥在比較誰比較高","弟弟/哥哥/比較/高/贏/誰/"
"弟弟比賽第一名","弟弟/比賽/第一名"
"隨著科技的進步，手機功能也越來越複雜","科技/快/進步/手機/種類/這/複雜/手機/複雜/這/複雜"
"我們要常常關心家人","這/家/父母/兄弟/這/他們/常常/關心/要"
"祝你生日快樂","祝/蛋糕/快樂"
"這部電影既愚蠢、無聊又保守","這/電影/呆/呆板/守舊"
"請你下次記得與我聯絡","請/你/下/記得/我/聯絡/要"
"散播疫情假訊息，最高罰300萬元","散播/病/擋/傳染/那/假//那/罰/最高/錢/三百/萬"
"你要仔細看簽約的內容","你/寫/簽約/張/你/閱讀/細/閱讀/要"
"你做事一定要考慮清楚，不要反反覆覆","你/做/事/什麼//你/想/清楚/再/一定//出爾反爾/不要"
"這個答案正確","這/答案/正確"
"這個市長不腐敗貪婪，很公正","這/市長/他/貪污/貪心/沒有//他/公/正/好"
"咳嗽要記得吃藥","咳嗽/藥/吃/記得"
"國與國之間的關係，瞬息萬變","國/國/兩個/關係/忽然/變化"
"他最喜歡音樂課","唱歌/指揮/課/他/喜歡"
"毀約可不是賠錢就能了事","你/契約/你/失約/賠錢/不"
"簽訂契約時要先仔細檢查條文","契約/張/契約/要/什麼/閱讀/細/要"
"做人不要太貪心，否則會因小失大","做/人/貪心/不//不然/浪費/怕"
"牛可以幫忙耕田","牛/可以/幫忙/什麼/那/耕田/田/耕田/可以"
"他又遲到了，令我發狂","他/遲到/老是/積怨/發狂"
"他是一位負責的刑警","他/刑警/警察/他/工作/事情/負責/好"
"遭人批評的時候，要先冷靜的自我反省","他們/批評/我// 生氣/不要/冷靜/想/自己/看/看自己/自己"
"過馬路要停下來兩邊看看 ","你/路/走過/等/等/左見/右見"
"那家店湧入了許多人潮","那/商店/人/湧入"
"早上搭公車的人很多很擠","早上/公車/裡面/人/多/擠"
"他哭了","他/哭"
"孩子的教育不能等","孩子/屬於他們/教育/培養/等/等/不能"
"我第一次出國，對於所看到的一 切事物都很好奇","我/搭飛機/第一次//我/對於/見/好奇/見/好奇"
"剛剛接到學校電話，兒子又逃學了","剛剛/接電話/學校/接電話//我/兒子/逃/逃學/老是"
"等車應該依序排隊，不可插隊","那/車/這/等/這/人/輪流/排隊/插隊/不行"
"每年換季期間，百貨公司都會降價","每/年/衣服/換/什麼/短袖/長袖/換/時間/期//這/百貨公司/這/會/降價"
"跳舞是好的運動","跳舞/這/運動/好"
"他與我辯論，往往勝利","他/我/辯論/我/輸/他/辯論/他/贏"
"保持口腔乾淨是預防蛀牙最好的方法","你/口/乾淨/好/什麼//蛀牙/刷牙/髒/黏/不行/刷牙/乾淨/蟲/不會"
"這個洞穴很深","這/洞/很/深"
"我決定努力學習手語","手語/學/我/決定/努力"
"你一定要幫我","你/幫我/一定"
"他想一定要去美國讀書","他/想/一定/去/美國/讀書"
"台灣製造的機器品質很好","台灣/有/機器/建設/各式各樣/品/程度/特別/好"
"他送我一張卡片","卡片/他/送我"
"這座橋的外型設計很好看又有創意","這/橋/這/設計/樣子/見/好/創作/好"
"不懂的字要勤查字典","字/一竅不通/自己/這/檢查/字典/要"
"我的狗昨天死了","昨天/我/狗/死"
"我們的飲食習慣和國外不一樣","我們/吃飯/飲料/習慣/四處/國外/不一樣"
"遇到困難時，我可以幫你","碰見/困難/有//我/幫你/可以"
"昨天的考試很難","昨天/考試/難"
"這種食物容易消化，適合老人吃。","這/東西/吃/消化/簡單//這/老人/老/吃/適合/這"
"妹妹正在用功念書","妹妹/現在/用功/念書/用功/用功"
"你的手很髒","你/手/髒/很"
"郊遊計畫因下雨而取消，令人失望難過","旅遊/玩/設計/計畫/那/下雨/取消//失望/難過"
"不要難過，我會陪你","難過/不/我/陪伴/會"
"你不要因為碰到小小的阻礙而灰心","你/碰壁/阻礙/少/灰心/不要"
"我們在討論畢業旅行的事情","我們/討論/什麼/畢業/旅行"
"我怕兔子，看到兔子會討厭 ","這/兔子/這/怕/見/討厭/不喜歡"
"弟弟喜歡收集盤子","盤子/弟弟/喜歡/收集/喜歡"
"解散後，大家自行回去","解散/大家/自己/回去"
"下課去商店買飲料","下課/去/買賣/地方/飲料/買"
"他們倆剛離婚","他倆/剛剛/離婚"
"頭暈是高血壓的症狀之一","頭/頭暈/什麼/高血壓/病/其中/一"
"工作要認真","工作/認真/要"
"這件事和他沒關係，你不能牽扯到他","這/事情/他/沒關係//你/抓他進來/不能"
"這隻狗很瘦","這/狗/瘦"
"門上有很多裝飾","門/這/物體"
"我想喝汽水，請你幫我去買好嗎","汽水/我/想/喝//你/幫我/去/買/好"
"開車需要有駕照","開車/證明/要"
"我口渴，要喝水","乾/我/喝/要/喝/要"
"用電鍋煮蛋很簡單","電鍋/蛋/蛋放進去電鍋/煮//簡單/便利"
"這張考卷很簡單","這/紙/考試/紙/容易/容易"
"他包的餃子很好吃","他/水餃/吃/好"
"你今天晚上要回家吃飯嗎","你/今天/晚上/回家//吃飯//要"
"他努力得到第一名","他/認真/努力/獲得/第一名"
"他常說話說得太自大，你可別相信 ","他/演講/自大/演講//你/他/相信他/不行"
"媽媽抱抱小孩","小孩/媽媽/抱"
"家裡沒有人","家/裡/人/空"
"最近又發生以色列和巴勒斯坦國家衝突","最近/總是/發生/什麼/以色列/這/巴勒斯坦/這/國/二/國家/敵人/常常/發生"
"把英文學好很重要","讀/英文/讀/學習/重要"
"環境保護，人人有責","環境/保護/每/人/責任"
"努力學習是為了有更好的將來","學習/努力/目的/未來/更/棒"
"夏天的夜晚很熱","夏天/夜晚/熱"
"今天晚上特別安靜","今天/晚上/安靜"
"每次出門都要帶錢包","每/出/錢/皮包/放進/要"
"每天游泳對身體很好","每天/游泳/幫我/身體/好"
"出國旅行前，要記得換一些外幣","國外/飛機/旅遊/國外/錢/換記得"
"媽媽不允許我出去玩","我/去/出/玩/媽媽/允許/沒有"
"比較貴的東西品質一定比較好","東西/貴/品/程度/一定/棒"
"他開始解釋遲到的理由了","他/遲到/開始/解釋/什麼"
"你的眼睛怎麼腫腫的","你/眼睛/腫/什麼"
"他的臉上有疤痕","他/臉/疤痕"
"昨天的棒球比賽，結果我們輸了","昨天/棒球/比賽/結果/我們/輸"
"我比賽輸了","我/比賽/輸"
"你最好不要失約","你/失約/不要/記得"
"現在網路上有很多騙人的假新聞","現在/網/路/新聞/這些/假/騙/很多"
"我來自三代同堂的大家庭","我/來自/什麼/大/家庭/三/三代"
"他爸爸是有名的演員","他/爸爸/演員/有名"
"農夫用水管澆農田","農/田/那/農夫/水/管子/澆水"
"他跑得很快","他/跑/直/快"
"養育孩子是很辛苦","小孩/養/育/苦/累"
"男性與女性應該平等","男/女性/平等/一樣/要"
"他們倆工作忙，很少見面","他倆/工作/忙/見面/少"
"這裡的水果很少","這/水果/這些(種類)/少"
"我買了一點麵包","麵包/我/買/過了/一點"
"表演結束之後來找我","表演/結束/完了//你/來/找/我"
"我可以做完","做/結束/我/可以"
"她剛剛完成了博士論文
","這/女生/博士/論文/剛剛/寫/結束"
"澳洲的一片森林被大火燒掉了","澳洲/森林/火/乾淨"
"日本的櫻花全都開花了","日本/變/(到處)/開花"
"工作還沒完成，繼續把它做完","工作/完/還沒/再/繼續/工作/完"
"連續的大雨使得多處山崩","下雨/連/那/山/山崩"
"他對外國的生活充滿嚮往","他/外國/活動/情形/他/渴望/希望"
"我們要保護森林","森林/我們/保護/要"
"她忘了帶錢包出門","他/出/錢/皮包/他/忘記/帶"
"這裡有個怪味道","這/聞/奇怪/聞/奇怪"
"這花聞起來好香","這/花/這/聞/香"
"這杯咖啡聞起來很香","這/咖啡/這/聞/香"
"他真的是我朋友 ( 他是一個真誠的朋友)","他/我/朋友/真/是"
"我的朋友在日本","我/朋友/那/日本/那"
"所有座位都滿了","座位/全部/滿"
"我吃飽了","我/吃飯/飽"
"未來移民到外星球是有可能的","未來/星球/我/移居/可以/能/有"
"我的眼鏡斷掉了","我/眼鏡/壞掉"
"他想去英國旅行","他/想/去/英國/旅行"
"爸爸帶我去高雄玩","高雄(地名)/我/爸爸/帶/去"
"下班之後要去健身房運動","下班/去/健身房/各種運動"
"他唸書的目的很明確","他/讀書/目的/清楚/很"
"那隻羊是黑色的","那/羊/那/黑"
"金是一種貴重金屬","鐵/金/種類/其中/一/金/貴"
"早安，你好","早/安靜/好"
"我今年六月高中畢業","我/今年/六月/高三/畢業"
"爺爺喜歡爬山","爬山/爺爺/喜歡/他"
"這是奶奶最愛的佛珠","佛珠/這/奶奶/很/喜歡/愛/這"
"葡萄不是長在樹上","葡萄/樹/那/掛樹上/那/不是"
"多看綠色植物對眼睛有益","綠/樹/眼睛//見/幫我/棒"
"我長大以後想當老師","長大/以後/想/做/老師"
"你在這裡等我","你/這/等"
"他有賴床的習慣","他/習慣/什麼/床/睡"
"每個國家都有他們的習慣","每/國家/地方/有/習慣/(四處)有"
"他把頭髮染成金色","他/頭髮/顏色/變/金/色"
"你喜歡吃漢堡嗎","漢堡/吃/你/喜歡"
"他認真的樣子很帥","他/認真/臉/認真/英俊/棒"
"我很快樂","我/快樂"
"我沒有錢","我/錢/沒有"
"校長是個年輕人","校長/他/年輕人/他"
"多運動可以保持健康","運動/多/身體/健康/依然"
"一天一個蘋果，身體健康，不用去看醫生","一天/蘋果/一/顆/對/身體/健康/去/看/醫生/不用"
"聽音樂是休閒之一","休息/消遣/什麼/這/聽/歌/是"
"我的朋友心臟不好","我/朋友/心/心跳/不好"
"女人的體重是秘密","女性團體/體重/秘密"
"請幫我拿東西過來","東西/幫我/拿"
"他的狗被車撞了，他著急得哭了","他/屬於他/狗//被車撞//他/著急/哭"
"我以後希望當老師","我/以後/希望/做/老師"
"希望明天是晴天","希望/明天/晴天"
"國王有很多匹馬","國王/那/馬/數量/多"
"她昨天離開醫院","醫院/她/昨天/離開醫院"
"今天天氣很熱","今天/天氣/熱"
"夏天蚊蟲很多","夏天/夏天/蚊子/多"
"這間屋子很漂亮","這/屋子/漂亮"
"姊姊已經30歲了","姊姊/年紀/30歲/超過"
"他年紀大了身體不好","他/年紀/老/身體/不好"
"請你來我家玩","我/家/來/玩"
"我是學生","我/學生"
"他每天游手好閒，大家都輕視他","他/每天/閒閒沒事/休閒/玩//他們/見他/輕視"
"如果你不出席會議，記得要跟我說","如果/你/會議/參加/不要//你/記得/告訴我"
"努力學習是為了有更好的將來","學習/努力/目的/未來//更/棒"
"他正努力學習如何當爸爸","他/努力/正/學習/什麼/如何/做/爸爸"
"爸爸催促我立刻上床睡覺","爸爸/催/立刻/去/睡覺"
"爸爸要我馬上回家","爸爸/告訴我/馬上/回家/馬上"
"也許明天會下雨","明天/下雨/也許/會"
"中場休息三十分鐘","介入(中間)/休息/三十分鐘"
"請自我介紹一下","(叫人)/我/自己/介紹"
"到台灣旅行，行李要經過檢查","台灣/旅遊/飛到/行李/檢查/翻箱倒櫃/要"
"我答應他的邀請","他/邀請我//我/答應"
"貓咪跳上了屋頂","屋子/屋頂/貓/跳到屋頂"
"老師的主要工作是教學","老師/工作/正(主要)/什麼/教"
"我的鑰匙不見了","我/鑰匙/遺失"
"殺人是犯法的","人/殺/這/違法/失約"
"我會包水餃","我/水餃/知道"
"你知道我的眼鏡在哪裡嗎?","我/眼鏡/哪裡/你/知道"
"你認識我的老師嗎?","老師/你/我/老師/你/認識"
"你認識我嗎?","你/見我/認識"
"知識就是力量","力量/什麼/知識"
"學校裡有一座人工湖","學校/裡/人/工/挖/湖/有"
"我看到坵蚓從土裡鑽出來","土/平/我/見/蚯蚓爬出來"
"這個地方的土很肥沃","這/土/這/土/這/夠/肥沃"
"我會三種語言","我/語言/三/會"
"那個笑話，讓他笑了五分鐘","這/笑話/他/笑/摀嘴/五分鐘"
"我家離圖書館很近","圖書館/我/家/兩者距離/近"
"剛出生的嬰兒體重很輕","嬰兒/剛剛/出生/這/體重/輕"
"我喜歡聽音樂","唱歌/指揮/我/聽/喜歡"
"我喜歡你","你/我/喜歡"
"那個女生喜歡看書","那/女生/喜歡/什麼//看/書"
"喝太多酒對身體不好","酒/喝/多/對/身體/不好"
"我住在台北","我/住/台北"
"一個人在家好無聊","只有一個/家/在/無聊"
"他寫功課，因為不懂，所以寫了很久","他/念書/寫/不懂/久"
"請幫我找一下同學","幫我/同學/找"
"爸爸很愛媽媽","媽媽/爸爸/愛(表情加強)"
"這台機車性能很好","這/機車/機器/堅固/棒"
"姐姐出門前會先化妝","姐姐/出/之前/會/什麼/化妝"
"陳先生很喜歡那位小姐","那/女性/那/陳/先生/見/喜歡"
"我不認識那個男生","他/男/我/見/不認識"
"他有許多煩惱的事情","他/討厭/事情/多"
"我們明年要結婚了","我們兩個/明年/結婚"
"你願意和我結婚嗎?","結婚/願意"
"他的房間很亂","他/家/住/家裡/亂"
"哥哥教弟弟寫數學功課","弟弟/數學/寫/哥哥/教"
"她可以跟我們一起去旅遊嗎?","我們/一起/去/旅行/玩/她/加入/可以"
"他可以完成所有事情","全部/事情/他/全部/做/結束/行/可以"
"等一下去藥局領藥","等/去/藥局/藥/拿"
"我們下次再見面","我們/下/再/見面"
"每個星期一都要開會","每個星期/星期一/開會/一樣"
"這次會議因人數過多而取消","這/會議/那/人/參加/多/怎麼辦/取消"
"嬰兒要喝奶","嬰兒/奶/要"
"考試時要仔細，別看錯題目 ","你/考試/閱讀/題/要/閱讀/看/見/錯/不行/仔細看/要"
"出門記得要帶錢","嗨/出/記得/錢/放口袋"
"媽媽是全天下最好的","媽媽/全世界/好/第一名/好"
"昨天阿姨來我家玩","昨天/阿姨/來我家/玩"
"一台機車要價五萬，很貴","機車/一/五萬/貴"
"我上禮拜跟爸爸去爬山","上個星期/我/爸爸/我倆/去/爬山/山"
"要隨時保持口腔清潔","隨意/時間/口/乾淨/保護/依然"
"登山是其中一種戶外活動","戶/外/活動/其中/一/爬山"
"看電影時請保持安靜","電影/欣賞/安靜/保持"
"搬家很辛苦","搬家/辛苦"
"互相關心是婚姻幸福的關鍵","互相/關心/這兩個/夫妻/幸福/重要/這"
"他的名字看起來很不錯 ","他/名字/看/棒"
"隔壁鄰居是個老先生","鄰居/下一個/這/老/先生"
"快輪到他表演了，他很緊張","快接近/下一個/他/表演//他/緊張/緊張B"
"這個背包是新的","這/背包/新"
"我要看報紙","報紙/我/看/要"
"下一站要下車","搭車/那/下一個/那/下車"
"明年我要去美國","明年/美國/我/去"
"你要吃麵還是吃飯？","麵/米/這兩個/吃/什麼"
"這雞肉飯勉強還可以","這/雞/吃飯/吃/還不錯"
"每個地方都有好人和壞人","各處/人/好 /人/不好/有"
"今天是星期幾呢?","今天/星期幾"
"現在是幾點呢?","現在/幾時"
"今年端午節媽媽要包粽子","現在/年/粽子/節/媽媽/包粽子"
"你的車牌號碼是多少","你/開車/牌/號碼/嗎"
"台灣護士的專業能力很強","台灣/護士/專/業/技術/棒"
"肥胖對身體不好","胖/對/身體/健康/不好"
"你變瘦了","你/胖/變/瘦"
"辦公室請保持乾淨","辦公室/乾淨/依然"
"他經常睡不著","他/睡/做不成/經常"
"我常常去跑步","跑/我/常常"
"炒菜時要用油","菜/炒/油/倒/要"
"他丟了許多舊報紙","他/舊/報紙/攤開/亂丟"
"那隻狗很老了","那/狗/老/爬"
"姊姊沒有男朋友","姊姊/男/朋友/沒有"
"我有一件裙子","我/裙子/有/一"
"爸爸一個鐘頭後就回來了","爸爸/一個鐘頭/回來"
"這間教室只有我一個人","這/教室/全部/我/只有一個/人"
"這件牛仔褲很緊","這/牛/褲子/緊/悶"
"我會三種語言","我/口語/三/會"
"橘子是我最喜歡的水果","水果/其中/橘子/我/喜歡"
"原來他是老師","他/老師/原來"
"你還有其他的計劃嗎?","你/想/計畫/又/其他/有沒有"
"外面的天氣不錯","外面/那/晴天/還不錯"
"我好想出去玩","我/去/玩/想"
"這件褲子是名牌","這/褲子/有名/貴"
"紅線不能停車","紅/邊/停車/不行"
"我要參明天下午的會議","明天/下午/會議/我/參加//要"
"他通過了重重考驗","他/考試/輪流/他/過/通過"
"我以前很胖，現在變瘦了","我/以前/胖//現在/瘦/竹子"
"剛剛忍不住笑了起來","剛剛/忍耐/笑/忍耐/不能"
"警察識破犯人的計謀","他/壞人/他/設計/他/警察/看穿/破"
"這是標準答案","這/答案/標準"
"那邊有兩個人","那/兩個/人/那"
"我喜歡運動","運動/我/喜歡"
"每個星期三要運動","每/星期三/運動/要"
"新年前記得先訂火車票","新年/前/火車/票/首先//訂/記得"
"他計畫明年去滑雪","他/計畫/明年//去/雪/滑雪"
"農夫在田裡種了各種各樣的水果","田/農夫/種/水果/各式各樣"
"請再說一次","請/再/說/請/再/說/再/一"
"警察是人民保母","社會/他們/警察/保護/是"
"弟弟去郵局寄信","弟弟/寄信/這/去/這/郵局"
"每天練習就會進步","每天/練習/進步/會"
"我需要做比賽前的準備","比賽/我/準備/要"
"他解決了這道數學問題","這/數學/問題/他/解決/行"
"沒有解決不了的問題","問題/一筆勾銷/難/沒有"
"這個節目很好看","這/節目/看/棒"
"他的中文進步很多","他/中文/進步"
"老舊建築必須保留原狀","大樓/舊/古/保護/依然/一樣"
"他把我拉過去","他/拉我"
"他推我下去池子裡","池/這/池/他/我/他/我/他/推"
"看電影時請保持安靜","電影/看/講/安靜/依然"
"外面下雨了","外面/下雨"
"下雨不能出門","下雨/出/不能"
"盒子裡的老照片是珍貴的回憶","盒子/這/舊/古老/照片/珍惜/保護/以前"
"我最近買了一部電腦","電腦/我/過去的最近/買"
"所有動物的血都是紅色的，是吧?","動物/這些/紅/血/全部/紅/是"
"媽媽把紙條貼在冰箱上","媽媽/紙/寫/冰箱/貼上"
"全台灣的人民都想阻擋新冠狀病毒散播","台灣/全台灣/心/ 一樣/想/一樣/什麼/這/新冠狀病毒/傳播/這/擋"
"這家餐廳生意很好","這/餐廳/人/湧入/棒"
"地球繞著太陽轉","太陽/地球/繞著太陽轉"
"米是台灣的主食","台灣/吃/大部分/什麼/米"
"他很有錢，到處亂花","他/豐富/有錢/花錢(到處)"
"河邊有許多野花","河/邊/自/花/開花/多"
"這條道路是新的","這/道路/這/新/這"
"剛剛弟弟跨越了平交道","剛剛/平交道/弟弟/剛剛/跨越/走"
"妹妹搶了弟弟玩具","弟弟/玩/他們倆/妹妹/搶"
"每日鹽巴要適中而不過量","每天/鹽/中/過/不"
"他走了一圈，又回到了原點","他/走一圈/這/回/一樣"
"他們兄弟長的一樣","他倆/哥哥/弟弟/臉/一樣"
"從我家到學校很遠","學校/我/家/很遠"
"這間學校剛蓋好","這/學校/建設/剛剛/建設"
"媽媽一直罵弟弟","弟弟/媽媽/罵"
"地球表面的70%由海洋覆蓋","地球/百分之七十/海/包"
"他瞄了我一眼","他/見我"
"我自己一個人逛街","我/自己/一/去/路/消遣"
"我自己一個人逛街","我/自己/去/路/消遣"
"那棟大樓一層樓要賣一千萬","那/大樓/一層/一/賣/一千萬"
"他把房子賣了","他/房子/賣"
"一個禮拜有七天","一週/多少/七/天"
"剛剛我跟總統握手","剛剛/總統/我/握手"
"這雙鞋子穿起來很舒適","這/鞋子/穿鞋子/舒服"
"我們兩個離得很近","我們兩個/地方/近"
"最近生活很拮据","將來的最近/生活/拮据"
"互相幫忙是應該的","幫忙/互相/應該/棒"
"妹妹生病了","妹妹/生病"
"兒子長得很像爸爸","兒子/他/爸爸/他倆/臉/像"
"你以為我不會手語嗎","你/以為/我/手語/不會"
"弟弟喜歡聽歌曲(音樂)","聽/歌/弟弟/喜歡"
"你坐在這裡等我","你/這/坐/等"
"滑雪是冬季奧運的比賽項目之一","雪/滑雪/這/冬奧/裡/種類/一"
"用動物皮製作產品很殘忍","動物/皮/做/那/哭/殘忍"
"天上一點雲都沒有","天/那/雲/空/沒有"
"他睡著了","他/睡"
"為了這份計劃，他已經好幾天沒睡覺了","這/我/關係/這/計畫/這/幾天/全/ 睡/沒有"
"天雨路滑,慢慢走","那/下雨/這/路/滑/你/走/慢"
"這一個容器中的這一顆蘋果壞掉了","這/容器/這些/蘋果/一顆顆/這/這一顆/壞/臭/這"
"爸爸的襪子很多","爸爸/襪子/數量/多"
"他向媽媽說對不起","他/媽媽/我/向/媽媽/對不起"
"這梅子很酸","梅/這/酸/很/這"
"南方比北方熱","北/地方/南/地方/勝過/熱"
"他把醬油倒的到處都是","他/醬油/倒(到處)"
"他的腳掌很寬","他/腳掌/這/寬"
"我會說三種語言","我/說/種類/三/會"
"你講話聲音太小了","你/說話/聲音/說話/聲音/小"
"學生喜歡聽老師講鬼故事","老師/演講/鬼/故事//學生//他們/聽/喜歡"
"運動家精神很重要","運動/家/精神/重/要"
"信封上面要貼郵票","信/信封/信封的左上方/郵票/貼/信封的左上方"
"我被罰站好久","我/罰我/站/等"
"他開始寫作業了","他/表格/開始/寫"
"我的機車被偷了","我/機車/偷"
"紅燈停，綠燈行","紅/燈/停//綠/燈/走"
"直走到底右轉就到銀行","直/走/直/到底/右轉/這/銀行/地方"
"這道菜看起來很奇怪","這/菜/盤子/這/奇怪"
"那裡有奇怪的人走來走去","那/人/奇怪/那/走來走去"
"放學後，學生都回家了","讀書/解散/學生/他們/回家"
"所有的學生都喜歡那個老師","這/老師/他們/學生/全部/喜歡/他"
"他今天替我代班","他/今天/幫我/代替/工作"
"忽然下了雨，把每個人都淋溼了","忽然/下雨/人/這些/淋濕"
"我不喜歡甜食","吃/甜/吃/我/不喜歡"
"這封信請記得交給他","這/信/張/信/給/他/記得"
"旅館提供舒服的床","舒服/床/舒服/那/旅館/那/負責/提供"
"每天游泳對身體很好","每天/游泳/對/身體/棒"
"桌上的瓶子插著一朵花","桌子/這/花瓶/花/放"
"我是最後一個交作業的人","你們/表格/寫/交/完成/我/最後"
"我住在台北","我/家/台北"
"台灣護士的專業能力很強","台灣/護士/專/業/強/技術/棒"
"他拿了我的小提琴","我/小提琴/他/拿"
"你要好好照顧妹妹","妹妹/你/幫忙/照顧/要"
"請勿喧嘩，我們正在錄音","吵鬧/不//我們/錄音"
"我們遲到了，坐計程車去吧","我們/遲到//去/計程車/離開"
"老師的主要工作是教學","老師/正/工作/什麼/書/教"
"我的老師是台中人","我/老師/台中/人"
"我本來是老師","我/原來/老師"
"他說我很漂亮","他/告訴/我/漂亮"
"他說會永遠愛我","他/告訴我/愛/我/整天"
"新的手機要一萬元","手機/新/錢/一/萬"
"今天要考英文","今天/英文/考試S/要"
"謝謝你的幫忙","幫忙/謝謝"
"他們兩個人是我的朋友","他們兩個/我/朋友"
"我倆是好朋友，從小一起長大","我倆/朋友/長大"
"他覺得所有人都要害他","他/想/全部/害他"
"他每天想著怎麼變瘦","他/每天/想/如何/胖/變/瘦"
"我覺得口渴了","我/覺得/口/渴"
"現在是晚餐時間","晚餐/時間/現在/這/現在"
"我剛考完試很累","剛剛/考試/完/我/累"
"爸爸的工作很累","爸爸/工作/累"
"跟我一同去郊遊","旅遊/玩/同/兩個去"
"明天市長要來","明天/市長/要來"
"牙齒是很堅硬的","牙齒/硬"
"睡覺前要刷牙","睡/前/刷牙/要"
"他剛換了一隻綠色的新牙刷","綠/牙刷/這/他/剛剛/換/新"
"去國外旅遊時要注意安全","國外/去/旅遊/玩/安全/注意"
"我家有三台卡車","我/家/卡車/三"
"上禮拜的颱風很大","上個星期/颱風/強"
"昨天我遺失了皮包，真倒楣。","昨天/皮包/遺失/怎麼辦/倒楣"
"他急著地離開","他/著急/走了"
"他昨天熬夜，所以今天請假","他/昨天/通宵/現在/請假"
"我會說三種語言","我/說/種類/三/知道"
"從我家到學校很遠","學校/我/家/很遠"
"我要看報紙","報紙/我/欣賞/要"
"我們一起走吧","我們兩個/來/走"
"妳願意嫁給我嗎?","嫁給我/要"
"我要準備比賽","比賽/我/準備/要"
"我需要三把椅子","我/需要/椅子/三"
"他的大衣很暖和","他/大/外套/暖和"
"吃飯前記得要先洗手","吃飯/之前/你/記得/洗手/首先"
"不要浪費時間","嗨/時間/浪費/不要"
"夏天的時候我們會吃西瓜","夏天/夏天/西瓜/吃"
"我們約好要去KTV唱歌","KTV/唱歌/我們/討論/好/去"
"歡迎光臨台灣","歡迎/人來/台灣"
"往西邊走會到公園","西/那/走/那/公園/那"
"今天日期是三月八日","今天/日期/三月八日"
"我找不到老師，怎麼辦?","老師/找/做不成/怎麼辦A/怎麼辦B"
"不要隨便亂丟垃圾","你/髒/丟/隨便/不要"
"你剛剛說了什麼?","你/剛剛/說/什麼"
"那個人是誰?","那/人/他/誰"
"你為什麼不相信我?","你/相信我/為什麼/相信我/不/相信我/為什麼"
"他願意和你結婚嗎？","他/你/結婚/他/肯"
"這塊木頭很稀有","這/木/塊/整/稀少"
"希望世界和平","希望/世界/和平"
"弟弟寫了一份備忘錄","弟弟/寫/紀錄/張/紀錄/寫"
"今年是2020年","今年/2020/年"
"香蕉成熟後的外皮是黃色的","香蕉/外/皮/熱/變/黃"
"我昨天去看電影","我/昨天/電影/欣賞"
"爸爸原諒妹妹打破花瓶","花瓶/妹妹/打破/爸爸/原諒"
"年輕的時候要多閱讀","年輕/過去/年輕/時間/讀書/多/讀書/要"
"妹妹很喜歡那個男生","他/男/妹妹/見/喜歡"
"他有三個弟弟兩個妹妹","他/弟弟/三/妹妹/二"
"妹妹沒有看過雪","雪/妹妹/見/從來沒有"
"他的眼睛亮了起來","他/眼睛/這/亮"
"他考試得零分","他/考試/零分"
"他把暑假作業完成了","他/暑假/作業/寫/全部/結束"